scope,nvda_layout,gesture,nvda_command,windows_vk,extended,scan_proof,orca_key,orca_common_desktop_overlap,v89_category,current_category,current_controller_reason,current_direct_operation,insert_forwarded,caps_forwarded,modifier_results_consistent,source,evidence
global,desktop,kb:NVDA+shift+d,script_cycleAudioDuckingMode,0x44,false,0x0,d,none,2,2,unsupported_nvda_command,none,false,false,true,nvda2026.2-globalCommands.py:201,native source; existing generated-controller fixture; browser context requires native hook
global,laptop,kb:NVDA+shift+d,script_cycleAudioDuckingMode,0x44,false,0x0,d,none,2,2,unsupported_nvda_command,none,false,false,true,nvda2026.2-globalCommands.py:201,native source; existing generated-controller fixture; browser context requires native hook
global,desktop,kb:NVDA+1,script_toggleInputHelp,0x31,false,0x0,1,goToBookmark,1,1,translate:input_help,toggleInputHelp,false,false,true,nvda2026.2-globalCommands.py:225,native source; existing generated-controller fixture; browser context requires native hook
global,laptop,kb:NVDA+1,script_toggleInputHelp,0x31,false,0x0,1,goToBookmark,1,1,translate:input_help,toggleInputHelp,false,false,true,nvda2026.2-globalCommands.py:225,native source; existing generated-controller fixture; browser context requires native hook
global,desktop,kb(desktop):NVDA+shift+s,script_toggleCurrentAppSleepMode,0x53,false,0x0,s,none,2,2,unsupported_nvda_command,none,false,false,true,nvda2026.2-globalCommands.py:242,native source; existing generated-controller fixture; browser context requires native hook
global,laptop,kb(laptop):NVDA+shift+z,script_toggleCurrentAppSleepMode,0x5a,false,0x0,z,none,2,2,unsupported_nvda_command,none,false,false,true,nvda2026.2-globalCommands.py:242,native source; existing generated-controller fixture; browser context requires native hook
global,desktop,kb(desktop):NVDA+upArrow,script_reportCurrentLine,0x26,true,0x0,Up,none,1,1,translate:current_line,presentCurrentLine,false,false,true,nvda2026.2-globalCommands.py:267,native source; existing generated-controller fixture; browser context requires native hook
global,laptop,kb(laptop):NVDA+l,script_reportCurrentLine,0x4c,false,0x0,l,none,1,1,translate:presentCurrentLine,presentCurrentLine,false,false,true,nvda2026.2-globalCommands.py:267,native source; existing generated-controller fixture; browser context requires native hook
global,desktop,kb:numpadDivide,script_leftMouseClick,0x6f,true,0x0,KP_Divide,leftClickReviewItemHandler,5,2,unsupported_pointer_click,none,false,false,true,nvda2026.2-globalCommands.py:292,native source; existing generated-controller fixture; browser context requires native hook
global,laptop,kb:numpadDivide,script_leftMouseClick,0x6f,true,0x0,KP_Divide,leftClickReviewItemHandler,5,2,unsupported_pointer_click,none,false,false,true,nvda2026.2-globalCommands.py:292,native source; existing generated-controller fixture; browser context requires native hook
global,laptop,kb(laptop):NVDA+[,script_leftMouseClick,0xdb,false,0x0,bracketleft,none,2,2,unsupported_object_review,none,false,false,true,nvda2026.2-globalCommands.py:292,native source; existing generated-controller fixture; browser context requires native hook
global,desktop,kb:numpadMultiply,script_rightMouseClick,0x6a,false,0x0,KP_Multiply,rightClickReviewItemHandler,5,2,unsupported_pointer_click,none,false,false,true,nvda2026.2-globalCommands.py:304,native source; existing generated-controller fixture; browser context requires native hook
global,laptop,kb:numpadMultiply,script_rightMouseClick,0x6a,false,0x0,KP_Multiply,rightClickReviewItemHandler,5,2,unsupported_pointer_click,none,false,false,true,nvda2026.2-globalCommands.py:304,native source; existing generated-controller fixture; browser context requires native hook
global,laptop,kb(laptop):NVDA+],script_rightMouseClick,0xdd,false,0x0,bracketright,none,2,2,unsupported_object_review,none,false,false,true,nvda2026.2-globalCommands.py:304,native source; existing generated-controller fixture; browser context requires native hook
global,desktop,kb:shift+numpadDivide,script_toggleLeftMouseButton,0x6f,true,0x0,KP_Divide,leftClickReviewItemHandler,2,2,unsupported_shift_numpad,none,false,false,true,nvda2026.2-globalCommands.py:316,native source; existing generated-controller fixture; browser context requires native hook
global,laptop,kb:shift+numpadDivide,script_toggleLeftMouseButton,0x6f,true,0x0,KP_Divide,leftClickReviewItemHandler,2,2,unsupported_shift_numpad,none,false,false,true,nvda2026.2-globalCommands.py:316,native source; existing generated-controller fixture; browser context requires native hook
global,laptop,kb(laptop):NVDA+control+[,script_toggleLeftMouseButton,0xdb,false,0x0,bracketleft,none,2,2,unsupported_object_review,none,false,false,true,nvda2026.2-globalCommands.py:316,native source; existing generated-controller fixture; browser context requires native hook
global,desktop,kb:shift+numpadMultiply,script_toggleRightMouseButton,0x6a,false,0x0,KP_Multiply,rightClickReviewItemHandler,2,2,unsupported_shift_numpad,none,false,false,true,nvda2026.2-globalCommands.py:328,native source; existing generated-controller fixture; browser context requires native hook
global,laptop,kb:shift+numpadMultiply,script_toggleRightMouseButton,0x6a,false,0x0,KP_Multiply,rightClickReviewItemHandler,2,2,unsupported_shift_numpad,none,false,false,true,nvda2026.2-globalCommands.py:328,native source; existing generated-controller fixture; browser context requires native hook
global,laptop,kb(laptop):NVDA+control+],script_toggleRightMouseButton,0xdd,false,0x0,bracketright,none,2,2,unsupported_object_review,none,false,false,true,nvda2026.2-globalCommands.py:328,native source; existing generated-controller fixture; browser context requires native hook
global,desktop,kb(desktop):NVDA+shift+upArrow,script_reportCurrentSelection,0x26,true,0x0,Up,whereAmISelectionHandler,1,1,translate:current_selection,whereAmISelection,false,false,true,nvda2026.2-globalCommands.py:386,native source; existing generated-controller fixture; browser context requires native hook
global,laptop,kb(laptop):NVDA+shift+s,script_reportCurrentSelection,0x53,false,0x0,s,none,1,1,translate:current_selection,whereAmISelection,false,false,true,nvda2026.2-globalCommands.py:386,native source; existing generated-controller fixture; browser context requires native hook
global,desktop,kb:NVDA+f12,script_dateTime,0x7b,false,0x0,F12,none,1,1,translate:date_time,presentTime,false,false,true,nvda2026.2-globalCommands.py:445,native source; existing generated-controller fixture; browser context requires native hook
global,laptop,kb:NVDA+f12,script_dateTime,0x7b,false,0x0,F12,none,1,1,translate:date_time,presentTime,false,false,true,nvda2026.2-globalCommands.py:445,native source; existing generated-controller fixture; browser context requires native hook
global,desktop,kb(desktop):NVDA+control+upArrow,script_increaseSynthSetting,0x26,true,0x0,Up,none,2,2,unsupported_nvda_command,none,false,false,true,nvda2026.2-globalCommands.py:497,native source; existing generated-controller fixture; browser context requires native hook
global,laptop,kb(laptop):NVDA+shift+control+upArrow,script_increaseSynthSetting,0x26,true,0x0,Up,none,2,2,unsupported_nvda_command,none,false,false,true,nvda2026.2-globalCommands.py:497,native source; existing generated-controller fixture; browser context requires native hook
global,desktop,kb(desktop):NVDA+control+pageUp,script_increaseLargeSynthSetting,0x21,true,0x0,Page_Up,none,2,2,unsupported_nvda_command,none,false,false,true,nvda2026.2-globalCommands.py:511,native source; existing generated-controller fixture; browser context requires native hook
global,laptop,kb(laptop):NVDA+shift+control+pageUp,script_increaseLargeSynthSetting,0x21,true,0x0,Page_Up,none,2,2,unsupported_nvda_command,none,false,false,true,nvda2026.2-globalCommands.py:511,native source; existing generated-controller fixture; browser context requires native hook
global,desktop,kb(desktop):NVDA+control+downArrow,script_decreaseSynthSetting,0x28,true,0x0,Down,none,2,2,unsupported_nvda_command,none,false,false,true,nvda2026.2-globalCommands.py:525,native source; existing generated-controller fixture; browser context requires native hook
global,laptop,kb(laptop):NVDA+control+shift+downArrow,script_decreaseSynthSetting,0x28,true,0x0,Down,none,2,2,unsupported_nvda_command,none,false,false,true,nvda2026.2-globalCommands.py:525,native source; existing generated-controller fixture; browser context requires native hook
global,desktop,kb(desktop):NVDA+control+pageDown,script_decreaseLargeSynthSetting,0x22,true,0x0,Page_Down,none,2,2,unsupported_nvda_command,none,false,false,true,nvda2026.2-globalCommands.py:539,native source; existing generated-controller fixture; browser context requires native hook
global,laptop,kb(laptop):NVDA+control+shift+pageDown,script_decreaseLargeSynthSetting,0x22,true,0x0,Page_Down,none,2,2,unsupported_nvda_command,none,false,false,true,nvda2026.2-globalCommands.py:539,native source; existing generated-controller fixture; browser context requires native hook
global,desktop,kb(desktop):NVDA+control+rightArrow,script_nextSynthSetting,0x27,true,0x0,Right,none,2,2,unsupported_nvda_command,none,false,false,true,nvda2026.2-globalCommands.py:553,native source; existing generated-controller fixture; browser context requires native hook
global,laptop,kb(laptop):NVDA+shift+control+rightArrow,script_nextSynthSetting,0x27,true,0x0,Right,none,2,2,unsupported_nvda_command,none,false,false,true,nvda2026.2-globalCommands.py:553,native source; existing generated-controller fixture; browser context requires native hook
global,desktop,kb(desktop):NVDA+control+leftArrow,script_previousSynthSetting,0x25,true,0x0,Left,none,2,2,unsupported_nvda_command,none,false,false,true,nvda2026.2-globalCommands.py:567,native source; existing generated-controller fixture; browser context requires native hook
global,laptop,kb(laptop):NVDA+shift+control+leftArrow,script_previousSynthSetting,0x25,true,0x0,Left,none,2,2,unsupported_nvda_command,none,false,false,true,nvda2026.2-globalCommands.py:567,native source; existing generated-controller fixture; browser context requires native hook
global,desktop,kb:NVDA+2,script_toggleSpeakTypedCharacters,0x32,false,0x0,2,goToBookmark,2,2,nvda_orca_collision,none,false,false,true,nvda2026.2-globalCommands.py:599,native source; existing generated-controller fixture; browser context requires native hook
global,laptop,kb:NVDA+2,script_toggleSpeakTypedCharacters,0x32,false,0x0,2,goToBookmark,2,2,nvda_orca_collision,none,false,false,true,nvda2026.2-globalCommands.py:599,native source; existing generated-controller fixture; browser context requires native hook
global,desktop,kb:NVDA+3,script_toggleSpeakTypedWords,0x33,false,0x0,3,goToBookmark,2,2,nvda_orca_collision,none,false,false,true,nvda2026.2-globalCommands.py:615,native source; existing generated-controller fixture; browser context requires native hook
global,laptop,kb:NVDA+3,script_toggleSpeakTypedWords,0x33,false,0x0,3,goToBookmark,2,2,nvda_orca_collision,none,false,false,true,nvda2026.2-globalCommands.py:615,native source; existing generated-controller fixture; browser context requires native hook
global,desktop,kb:NVDA+4,script_toggleSpeakCommandKeys,0x34,false,0x0,4,goToBookmark,2,2,nvda_orca_collision,none,false,false,true,nvda2026.2-globalCommands.py:631,native source; existing generated-controller fixture; browser context requires native hook
global,laptop,kb:NVDA+4,script_toggleSpeakCommandKeys,0x34,false,0x0,4,goToBookmark,2,2,nvda_orca_collision,none,false,false,true,nvda2026.2-globalCommands.py:631,native source; existing generated-controller fixture; browser context requires native hook
global,desktop,kb:NVDA+alt+k,script_toggleBrailleAutoScroll,0x4b,false,0x0,k,none,2,2,unsupported_nvda_command,none,false,false,true,nvda2026.2-globalCommands.py:856,native source; existing generated-controller fixture; browser context requires native hook
global,laptop,kb:NVDA+alt+k,script_toggleBrailleAutoScroll,0x4b,false,0x0,k,none,2,2,unsupported_nvda_command,none,false,false,true,nvda2026.2-globalCommands.py:856,native source; existing generated-controller fixture; browser context requires native hook
global,desktop,kb:NVDA+alt+l,script_increaseBrailleAutoScrollRate,0x4c,false,0x0,l,none,2,2,unsupported_nvda_command,none,false,false,true,nvda2026.2-globalCommands.py:878,native source; existing generated-controller fixture; browser context requires native hook
global,laptop,kb:NVDA+alt+l,script_increaseBrailleAutoScrollRate,0x4c,false,0x0,l,none,2,2,unsupported_nvda_command,none,false,false,true,nvda2026.2-globalCommands.py:878,native source; existing generated-controller fixture; browser context requires native hook
global,desktop,kb:NVDA+alt+j,script_decreaseBrailleAutoScrollRate,0x4a,false,0x0,j,none,2,2,unsupported_nvda_command,none,false,false,true,nvda2026.2-globalCommands.py:891,native source; existing generated-controller fixture; browser context requires native hook
global,laptop,kb:NVDA+alt+j,script_decreaseBrailleAutoScrollRate,0x4a,false,0x0,j,none,2,2,unsupported_nvda_command,none,false,false,true,nvda2026.2-globalCommands.py:891,native source; existing generated-controller fixture; browser context requires native hook
global,desktop,kb:NVDA+p,script_cycleSpeechSymbolLevel,0x50,false,0x0,p,none,1,1,translate:punctuation,cycleSpeakingPunctuationLevel,false,false,true,nvda2026.2-globalCommands.py:1301,native source; existing generated-controller fixture; browser context requires native hook
global,laptop,kb:NVDA+p,script_cycleSpeechSymbolLevel,0x50,false,0x0,p,none,1,1,translate:punctuation,cycleSpeakingPunctuationLevel,false,false,true,nvda2026.2-globalCommands.py:1301,native source; existing generated-controller fixture; browser context requires native hook
global,desktop,kb:NVDA+numpadDivide,script_moveMouseToNavigatorObject,0x6f,true,0x0,KP_Divide,routePointerToItemHandler,2,2,unsupported_object_review,none,false,false,true,nvda2026.2-globalCommands.py:1337,native source; existing generated-controller fixture; browser context requires native hook
global,laptop,kb:NVDA+numpadDivide,script_moveMouseToNavigatorObject,0x6f,true,0x0,KP_Divide,routePointerToItemHandler,2,2,unsupported_object_review,none,false,false,true,nvda2026.2-globalCommands.py:1337,native source; existing generated-controller fixture; browser context requires native hook
global,laptop,kb(laptop):NVDA+shift+m,script_moveMouseToNavigatorObject,0x4d,false,0x0,m,none,2,2,unsupported_object_review,none,false,false,true,nvda2026.2-globalCommands.py:1337,native source; existing generated-controller fixture; browser context requires native hook
global,desktop,kb:NVDA+numpadMultiply,script_moveNavigatorObjectToMouse,0x6a,false,0x0,KP_Multiply,none,2,2,unsupported_object_review,none,false,false,true,nvda2026.2-globalCommands.py:1384,native source; existing generated-controller fixture; browser context requires native hook
global,laptop,kb:NVDA+numpadMultiply,script_moveNavigatorObjectToMouse,0x6a,false,0x0,KP_Multiply,none,2,2,unsupported_object_review,none,false,false,true,nvda2026.2-globalCommands.py:1384,native source; existing generated-controller fixture; browser context requires native hook
global,laptop,kb(laptop):NVDA+shift+n,script_moveNavigatorObjectToMouse,0x4e,false,0x0,n,none,2,2,unsupported_object_review,none,false,false,true,nvda2026.2-globalCommands.py:1384,native source; existing generated-controller fixture; browser context requires native hook
global,desktop,kb:NVDA+numpad7,script_reviewMode_next,0x24,false,0x47,KP_Home,reviewHomeHandler,2,2,unsupported_object_review,none,false,false,true,nvda2026.2-globalCommands.py:1407,native source; existing generated-controller fixture; browser context requires native hook
global,laptop,kb:NVDA+numpad7,script_reviewMode_next,0x24,false,0x47,KP_Home,reviewHomeHandler,2,2,unsupported_object_review,none,false,false,true,nvda2026.2-globalCommands.py:1407,native source; existing generated-controller fixture; browser context requires native hook
global,laptop,kb(laptop):NVDA+pageUp,script_reviewMode_next,0x21,true,0x0,Page_Up,none,2,2,unsupported_object_review,none,false,false,true,nvda2026.2-globalCommands.py:1407,native source; existing generated-controller fixture; browser context requires native hook
global,desktop,kb:NVDA+numpad1,script_reviewMode_previous,0x23,false,0x4f,KP_End,reviewEndOfLineHandler,2,2,unsupported_object_review,none,false,false,true,nvda2026.2-globalCommands.py:1428,native source; existing generated-controller fixture; browser context requires native hook
global,laptop,kb:NVDA+numpad1,script_reviewMode_previous,0x23,false,0x4f,KP_End,reviewEndOfLineHandler,2,2,unsupported_object_review,none,false,false,true,nvda2026.2-globalCommands.py:1428,native source; existing generated-controller fixture; browser context requires native hook
global,laptop,kb(laptop):NVDA+pageDown,script_reviewMode_previous,0x22,true,0x0,Page_Down,none,2,2,unsupported_object_review,none,false,false,true,nvda2026.2-globalCommands.py:1428,native source; existing generated-controller fixture; browser context requires native hook
global,desktop,kb:NVDA+numpad5,script_navigatorObject_current,0xc,false,0x4c,KP_Begin,reviewCurrentAccessibleHandler,2,2,unsupported_object_review,none,false,false,true,nvda2026.2-globalCommands.py:1467,native source; existing generated-controller fixture; browser context requires native hook
global,laptop,kb:NVDA+numpad5,script_navigatorObject_current,0xc,false,0x4c,KP_Begin,reviewCurrentAccessibleHandler,2,2,unsupported_object_review,none,false,false,true,nvda2026.2-globalCommands.py:1467,native source; existing generated-controller fixture; browser context requires native hook
global,laptop,kb(laptop):NVDA+shift+o,script_navigatorObject_current,0x4f,false,0x0,o,none,2,2,unsupported_object_review,none,false,false,true,nvda2026.2-globalCommands.py:1467,native source; existing generated-controller fixture; browser context requires native hook
global,desktop,kb:NVDA+shift+numpadDelete,script_navigatorObject_currentDimensions,0x2e,false,0x53,KP_Delete,findPreviousHandler,2,2,unsupported_object_review,none,false,false,true,nvda2026.2-globalCommands.py:1587,native source; existing generated-controller fixture; browser context requires native hook
global,laptop,kb:NVDA+shift+numpadDelete,script_navigatorObject_currentDimensions,0x2e,false,0x53,KP_Delete,findPreviousHandler,2,2,unsupported_object_review,none,false,false,true,nvda2026.2-globalCommands.py:1587,native source; existing generated-controller fixture; browser context requires native hook
global,laptop,kb(laptop):NVDA+shift+delete,script_navigatorObject_currentDimensions,0x2e,true,0x0,Delete,none,2,2,unsupported_object_review,none,false,false,true,nvda2026.2-globalCommands.py:1587,native source; existing generated-controller fixture; browser context requires native hook
global,desktop,kb:NVDA+numpadDelete,script_caretPos_currentDimensions,0x2e,false,0x53,KP_Delete,findNextHandler,2,2,unsupported_object_review,none,false,false,true,nvda2026.2-globalCommands.py:1605,native source; existing generated-controller fixture; browser context requires native hook
global,laptop,kb:NVDA+numpadDelete,script_caretPos_currentDimensions,0x2e,false,0x53,KP_Delete,findNextHandler,2,2,unsupported_object_review,none,false,false,true,nvda2026.2-globalCommands.py:1605,native source; existing generated-controller fixture; browser context requires native hook
global,laptop,kb(laptop):NVDA+delete,script_caretPos_currentDimensions,0x2e,true,0x0,Delete,none,2,2,unsupported_object_review,none,false,false,true,nvda2026.2-globalCommands.py:1605,native source; existing generated-controller fixture; browser context requires native hook
global,desktop,kb:NVDA+numpadMinus,script_navigatorObject_toFocus,0x6d,false,0x0,KP_Subtract,none,2,2,unsupported_object_review,none,false,false,true,nvda2026.2-globalCommands.py:1620,native source; existing generated-controller fixture; browser context requires native hook
global,laptop,kb:NVDA+numpadMinus,script_navigatorObject_toFocus,0x6d,false,0x0,KP_Subtract,none,2,2,unsupported_object_review,none,false,false,true,nvda2026.2-globalCommands.py:1620,native source; existing generated-controller fixture; browser context requires native hook
global,laptop,kb(laptop):NVDA+backspace,script_navigatorObject_toFocus,0x8,false,0x0,BackSpace,bypassNextCommandHandler,2,2,unsupported_object_review,none,false,false,true,nvda2026.2-globalCommands.py:1620,native source; existing generated-controller fixture; browser context requires native hook
global,desktop,kb:NVDA+shift+numpadMinus,script_navigatorObject_moveFocus,0x6d,false,0x0,KP_Subtract,none,2,2,unsupported_object_review,none,false,false,true,nvda2026.2-globalCommands.py:1646,native source; existing generated-controller fixture; browser context requires native hook
global,laptop,kb:NVDA+shift+numpadMinus,script_navigatorObject_moveFocus,0x6d,false,0x0,KP_Subtract,none,2,2,unsupported_object_review,none,false,false,true,nvda2026.2-globalCommands.py:1646,native source; existing generated-controller fixture; browser context requires native hook
global,laptop,kb(laptop):NVDA+shift+backspace,script_navigatorObject_moveFocus,0x8,false,0x0,BackSpace,none,2,2,unsupported_object_review,none,false,false,true,nvda2026.2-globalCommands.py:1646,native source; existing generated-controller fixture; browser context requires native hook
global,desktop,kb:NVDA+numpad8,script_navigatorObject_parent,0x26,false,0x48,KP_Up,none,2,2,unsupported_object_review,none,false,false,true,nvda2026.2-globalCommands.py:1690,native source; existing generated-controller fixture; browser context requires native hook
global,laptop,kb:NVDA+numpad8,script_navigatorObject_parent,0x26,false,0x48,KP_Up,none,2,2,unsupported_object_review,none,false,false,true,nvda2026.2-globalCommands.py:1690,native source; existing generated-controller fixture; browser context requires native hook
global,laptop,kb(laptop):NVDA+shift+upArrow,script_navigatorObject_parent,0x26,true,0x0,Up,whereAmISelectionHandler,2,2,unsupported_object_review,none,false,false,true,nvda2026.2-globalCommands.py:1690,native source; existing generated-controller fixture; browser context requires native hook
global,desktop,kb:NVDA+numpad6,script_navigatorObject_next,0x27,false,0x4d,KP_Right,reviewBelowHandler,2,2,unsupported_object_review,none,false,false,true,nvda2026.2-globalCommands.py:1721,native source; existing generated-controller fixture; browser context requires native hook
global,laptop,kb:NVDA+numpad6,script_navigatorObject_next,0x27,false,0x4d,KP_Right,reviewBelowHandler,2,2,unsupported_object_review,none,false,false,true,nvda2026.2-globalCommands.py:1721,native source; existing generated-controller fixture; browser context requires native hook
global,laptop,kb(laptop):NVDA+shift+rightArrow,script_navigatorObject_next,0x27,true,0x0,Right,none,2,2,unsupported_object_review,none,false,false,true,nvda2026.2-globalCommands.py:1721,native source; existing generated-controller fixture; browser context requires native hook
global,desktop,kb:NVDA+numpad4,script_navigatorObject_previous,0x25,false,0x4b,KP_Left,reviewAboveHandler,2,2,unsupported_object_review,none,false,false,true,nvda2026.2-globalCommands.py:1751,native source; existing generated-controller fixture; browser context requires native hook
global,laptop,kb:NVDA+numpad4,script_navigatorObject_previous,0x25,false,0x4b,KP_Left,reviewAboveHandler,2,2,unsupported_object_review,none,false,false,true,nvda2026.2-globalCommands.py:1751,native source; existing generated-controller fixture; browser context requires native hook
global,laptop,kb(laptop):NVDA+shift+leftArrow,script_navigatorObject_previous,0x25,true,0x0,Left,none,2,2,unsupported_object_review,none,false,false,true,nvda2026.2-globalCommands.py:1751,native source; existing generated-controller fixture; browser context requires native hook
global,desktop,kb:NVDA+numpad2,script_navigatorObject_firstChild,0x28,false,0x50,KP_Down,none,2,2,unsupported_object_review,none,false,false,true,nvda2026.2-globalCommands.py:1780,native source; existing generated-controller fixture; browser context requires native hook
global,laptop,kb:NVDA+numpad2,script_navigatorObject_firstChild,0x28,false,0x50,KP_Down,none,2,2,unsupported_object_review,none,false,false,true,nvda2026.2-globalCommands.py:1780,native source; existing generated-controller fixture; browser context requires native hook
global,laptop,kb(laptop):NVDA+shift+downArrow,script_navigatorObject_firstChild,0x28,true,0x0,Down,none,2,2,unsupported_object_review,none,false,false,true,nvda2026.2-globalCommands.py:1780,native source; existing generated-controller fixture; browser context requires native hook
global,desktop,kb:NVDA+numpadEnter,script_review_activate,0xd,true,0x0,KP_Enter,getTitleHandler@1|getStatusBarHandler@2,2,2,unsupported_object_review,none,false,false,true,nvda2026.2-globalCommands.py:1814,native source; existing generated-controller fixture; browser context requires native hook
global,laptop,kb:NVDA+numpadEnter,script_review_activate,0xd,true,0x0,KP_Enter,getTitleHandler@1|getStatusBarHandler@2,2,2,unsupported_object_review,none,false,false,true,nvda2026.2-globalCommands.py:1814,native source; existing generated-controller fixture; browser context requires native hook
global,laptop,kb(laptop):NVDA+enter,script_review_activate,0xd,false,0x0,Return,none,2,2,unsupported_object_review,none,false,false,true,nvda2026.2-globalCommands.py:1814,native source; existing generated-controller fixture; browser context requires native hook
global,desktop,kb:shift+numpad7,script_review_top,0x24,false,0x47,KP_Home,none,2,2,unsupported_shift_numpad,none,false,false,true,nvda2026.2-globalCommands.py:1865,native source; existing generated-controller fixture; browser context requires native hook
global,laptop,kb:shift+numpad7,script_review_top,0x24,false,0x47,KP_Home,none,2,2,unsupported_shift_numpad,none,false,false,true,nvda2026.2-globalCommands.py:1865,native source; existing generated-controller fixture; browser context requires native hook
global,laptop,kb(laptop):NVDA+control+home,script_review_top,0x24,true,0x0,Home,none,2,2,unsupported_object_review,none,false,false,true,nvda2026.2-globalCommands.py:1865,native source; existing generated-controller fixture; browser context requires native hook
global,desktop,kb:numpad7,script_review_previousLine,0x24,false,0x47,KP_Home,reviewPreviousLineHandler,3,3,,none,true,true,true,nvda2026.2-globalCommands.py:1891,native source; existing generated-controller fixture; browser context requires native hook
global,laptop,kb:numpad7,script_review_previousLine,0x24,false,0x47,KP_Home,reviewPreviousLineHandler,3,3,,none,true,true,true,nvda2026.2-globalCommands.py:1891,native source; existing generated-controller fixture; browser context requires native hook
global,laptop,kb(laptop):NVDA+upArrow,script_review_previousLine,0x26,true,0x0,Up,none,2,2,unsupported_object_review,none,false,false,true,nvda2026.2-globalCommands.py:1891,native source; existing generated-controller fixture; browser context requires native hook
global,desktop,kb:numpad8,script_review_currentLine,0x26,false,0x48,KP_Up,reviewCurrentLineHandler@1|reviewSpellCurrentLineHandler@2|reviewPhoneticCurrentLineHandler@3,3,3,,none,true,true,true,nvda2026.2-globalCommands.py:1927,native source; existing generated-controller fixture; browser context requires native hook
global,laptop,kb:numpad8,script_review_currentLine,0x26,false,0x48,KP_Up,reviewCurrentLineHandler@1|reviewSpellCurrentLineHandler@2|reviewPhoneticCurrentLineHandler@3,3,3,,none,true,true,true,nvda2026.2-globalCommands.py:1927,native source; existing generated-controller fixture; browser context requires native hook
global,laptop,kb(laptop):NVDA+shift+.,script_review_currentLine,0xbe,false,0x0,period,none,2,2,unsupported_object_review,none,false,false,true,nvda2026.2-globalCommands.py:1927,native source; existing generated-controller fixture; browser context requires native hook
global,desktop,kb:numpad9,script_review_nextLine,0x21,false,0x49,KP_Page_Up,reviewNextLineHandler,3,3,,none,true,true,true,nvda2026.2-globalCommands.py:1953,native source; existing generated-controller fixture; browser context requires native hook
global,laptop,kb:numpad9,script_review_nextLine,0x21,false,0x49,KP_Page_Up,reviewNextLineHandler,3,3,,none,true,true,true,nvda2026.2-globalCommands.py:1953,native source; existing generated-controller fixture; browser context requires native hook
global,laptop,kb(laptop):NVDA+downArrow,script_review_nextLine,0x28,true,0x0,Down,none,2,2,unsupported_object_review,none,false,false,true,nvda2026.2-globalCommands.py:1953,native source; existing generated-controller fixture; browser context requires native hook
global,desktop,kb:NVDA+pageUp,script_review_previousPage,0x21,true,0x0,Page_Up,none,2,2,unsupported_nvda_command,none,false,false,true,nvda2026.2-globalCommands.py:1992,native source; existing generated-controller fixture; browser context requires native hook
global,laptop,kb:NVDA+pageUp,script_review_previousPage,0x21,true,0x0,Page_Up,none,2,2,unsupported_object_review,none,false,false,true,nvda2026.2-globalCommands.py:1992,native source; existing generated-controller fixture; browser context requires native hook
global,laptop,kb(laptop):NVDA+shift+pageUp,script_review_previousPage,0x21,true,0x0,Page_Up,none,2,2,unsupported_object_review,none,false,false,true,nvda2026.2-globalCommands.py:1992,native source; existing generated-controller fixture; browser context requires native hook
global,desktop,kb:NVDA+pageDown,script_review_nextPage,0x22,true,0x0,Page_Down,none,2,2,unsupported_nvda_command,none,false,false,true,nvda2026.2-globalCommands.py:2026,native source; existing generated-controller fixture; browser context requires native hook
global,laptop,kb:NVDA+pageDown,script_review_nextPage,0x22,true,0x0,Page_Down,none,2,2,unsupported_object_review,none,false,false,true,nvda2026.2-globalCommands.py:2026,native source; existing generated-controller fixture; browser context requires native hook
global,laptop,kb(laptop):NVDA+shift+pageDown,script_review_nextPage,0x22,true,0x0,Page_Down,none,2,2,unsupported_object_review,none,false,false,true,nvda2026.2-globalCommands.py:2026,native source; existing generated-controller fixture; browser context requires native hook
global,desktop,kb:shift+numpad9,script_review_bottom,0x21,false,0x49,KP_Page_Up,none,2,2,unsupported_shift_numpad,none,false,false,true,nvda2026.2-globalCommands.py:2064,native source; existing generated-controller fixture; browser context requires native hook
global,laptop,kb:shift+numpad9,script_review_bottom,0x21,false,0x49,KP_Page_Up,none,2,2,unsupported_shift_numpad,none,false,false,true,nvda2026.2-globalCommands.py:2064,native source; existing generated-controller fixture; browser context requires native hook
global,laptop,kb(laptop):NVDA+control+end,script_review_bottom,0x23,true,0x0,End,none,2,2,unsupported_object_review,none,false,false,true,nvda2026.2-globalCommands.py:2064,native source; existing generated-controller fixture; browser context requires native hook
global,desktop,kb:numpad4,script_review_previousWord,0x25,false,0x4b,KP_Left,reviewPreviousItemHandler,3,3,,none,true,true,true,nvda2026.2-globalCommands.py:2089,native source; existing generated-controller fixture; browser context requires native hook
global,laptop,kb:numpad4,script_review_previousWord,0x25,false,0x4b,KP_Left,reviewPreviousItemHandler,3,3,,none,true,true,true,nvda2026.2-globalCommands.py:2089,native source; existing generated-controller fixture; browser context requires native hook
global,laptop,kb(laptop):NVDA+control+leftArrow,script_review_previousWord,0x25,true,0x0,Left,none,2,2,unsupported_object_review,none,false,false,true,nvda2026.2-globalCommands.py:2089,native source; existing generated-controller fixture; browser context requires native hook
global,desktop,kb:numpad5,script_review_currentWord,0xc,false,0x4c,KP_Begin,reviewCurrentItemHandler@1|reviewSpellCurrentItemHandler@2|reviewPhoneticCurrentItemHandler@3,3,3,,none,true,true,true,nvda2026.2-globalCommands.py:2125,native source; existing generated-controller fixture; browser context requires native hook
global,laptop,kb:numpad5,script_review_currentWord,0xc,false,0x4c,KP_Begin,reviewCurrentItemHandler@1|reviewSpellCurrentItemHandler@2|reviewPhoneticCurrentItemHandler@3,3,3,,none,true,true,true,nvda2026.2-globalCommands.py:2125,native source; existing generated-controller fixture; browser context requires native hook
global,laptop,kb(laptop):NVDA+control+.,script_review_currentWord,0xbe,false,0x0,period,none,2,2,unsupported_object_review,none,false,false,true,nvda2026.2-globalCommands.py:2125,native source; existing generated-controller fixture; browser context requires native hook
global,desktop,kb:numpad6,script_review_nextWord,0x27,false,0x4d,KP_Right,reviewNextItemHandler,3,3,,none,true,true,true,nvda2026.2-globalCommands.py:2151,native source; existing generated-controller fixture; browser context requires native hook
global,laptop,kb:numpad6,script_review_nextWord,0x27,false,0x4d,KP_Right,reviewNextItemHandler,3,3,,none,true,true,true,nvda2026.2-globalCommands.py:2151,native source; existing generated-controller fixture; browser context requires native hook
global,laptop,kb(laptop):NVDA+control+rightArrow,script_review_nextWord,0x27,true,0x0,Right,none,2,2,unsupported_object_review,none,false,false,true,nvda2026.2-globalCommands.py:2151,native source; existing generated-controller fixture; browser context requires native hook
global,desktop,kb:shift+numpad1,script_review_startOfLine,0x23,false,0x4f,KP_End,none,2,2,unsupported_shift_numpad,none,false,false,true,nvda2026.2-globalCommands.py:2190,native source; existing generated-controller fixture; browser context requires native hook
global,laptop,kb:shift+numpad1,script_review_startOfLine,0x23,false,0x4f,KP_End,none,2,2,unsupported_shift_numpad,none,false,false,true,nvda2026.2-globalCommands.py:2190,native source; existing generated-controller fixture; browser context requires native hook
global,laptop,kb(laptop):NVDA+home,script_review_startOfLine,0x24,true,0x0,Home,none,2,2,unsupported_object_review,none,false,false,true,nvda2026.2-globalCommands.py:2190,native source; existing generated-controller fixture; browser context requires native hook
global,desktop,kb:numpad1,script_review_previousCharacter,0x23,false,0x4f,KP_End,reviewPreviousCharacterHandler,3,3,,none,true,true,true,nvda2026.2-globalCommands.py:2218,native source; existing generated-controller fixture; browser context requires native hook
global,laptop,kb:numpad1,script_review_previousCharacter,0x23,false,0x4f,KP_End,reviewPreviousCharacterHandler,3,3,,none,true,true,true,nvda2026.2-globalCommands.py:2218,native source; existing generated-controller fixture; browser context requires native hook
global,laptop,kb(laptop):NVDA+leftArrow,script_review_previousCharacter,0x25,true,0x0,Left,none,2,2,unsupported_object_review,none,false,false,true,nvda2026.2-globalCommands.py:2218,native source; existing generated-controller fixture; browser context requires native hook
global,desktop,kb:numpad2,script_review_currentCharacter,0x28,false,0x50,KP_Down,reviewCurrentCharacterHandler@1|reviewSpellCurrentCharacterHandler@2|reviewUnicodeCurrentCharacterHandler@3,3,3,,none,true,true,true,nvda2026.2-globalCommands.py:2258,native source; existing generated-controller fixture; browser context requires native hook
global,laptop,kb:numpad2,script_review_currentCharacter,0x28,false,0x50,KP_Down,reviewCurrentCharacterHandler@1|reviewSpellCurrentCharacterHandler@2|reviewUnicodeCurrentCharacterHandler@3,3,3,,none,true,true,true,nvda2026.2-globalCommands.py:2258,native source; existing generated-controller fixture; browser context requires native hook
global,laptop,kb(laptop):NVDA+.,script_review_currentCharacter,0xbe,false,0x0,period,none,2,2,unsupported_object_review,none,false,false,true,nvda2026.2-globalCommands.py:2258,native source; existing generated-controller fixture; browser context requires native hook
global,desktop,kb:numpad3,script_review_nextCharacter,0x22,false,0x51,KP_Page_Down,reviewNextCharacterHandler,3,3,,none,true,true,true,nvda2026.2-globalCommands.py:2303,native source; existing generated-controller fixture; browser context requires native hook
global,laptop,kb:numpad3,script_review_nextCharacter,0x22,false,0x51,KP_Page_Down,reviewNextCharacterHandler,3,3,,none,true,true,true,nvda2026.2-globalCommands.py:2303,native source; existing generated-controller fixture; browser context requires native hook
global,laptop,kb(laptop):NVDA+rightArrow,script_review_nextCharacter,0x27,true,0x0,Right,none,2,2,unsupported_object_review,none,false,false,true,nvda2026.2-globalCommands.py:2303,native source; existing generated-controller fixture; browser context requires native hook
global,desktop,kb:shift+numpad3,script_review_endOfLine,0x22,false,0x51,KP_Page_Down,none,2,2,unsupported_shift_numpad,none,false,false,true,nvda2026.2-globalCommands.py:2341,native source; existing generated-controller fixture; browser context requires native hook
global,laptop,kb:shift+numpad3,script_review_endOfLine,0x22,false,0x51,KP_Page_Down,none,2,2,unsupported_shift_numpad,none,false,false,true,nvda2026.2-globalCommands.py:2341,native source; existing generated-controller fixture; browser context requires native hook
global,laptop,kb(laptop):NVDA+end,script_review_endOfLine,0x23,true,0x0,End,none,2,2,unsupported_object_review,none,false,false,true,nvda2026.2-globalCommands.py:2341,native source; existing generated-controller fixture; browser context requires native hook
global,desktop,kb:NVDA+alt+home,script_review_startOfSelection,0x24,true,0x0,Home,none,2,2,unsupported_nvda_command,none,false,false,true,nvda2026.2-globalCommands.py:2369,native source; existing generated-controller fixture; browser context requires native hook
global,laptop,kb:NVDA+alt+home,script_review_startOfSelection,0x24,true,0x0,Home,none,2,2,unsupported_nvda_command,none,false,false,true,nvda2026.2-globalCommands.py:2369,native source; existing generated-controller fixture; browser context requires native hook
global,desktop,kb:NVDA+alt+end,script_review_endOfSelection,0x23,true,0x0,End,none,2,2,unsupported_nvda_command,none,false,false,true,nvda2026.2-globalCommands.py:2397,native source; existing generated-controller fixture; browser context requires native hook
global,laptop,kb:NVDA+alt+end,script_review_endOfSelection,0x23,true,0x0,End,none,2,2,unsupported_nvda_command,none,false,false,true,nvda2026.2-globalCommands.py:2397,native source; existing generated-controller fixture; browser context requires native hook
global,desktop,kb:NVDA+s,script_speechMode,0x53,false,0x0,s,toggleSilenceSpeechHandler,2,2,nvda_orca_collision,none,false,false,true,nvda2026.2-globalCommands.py:2469,native source; existing generated-controller fixture; browser context requires native hook
global,laptop,kb:NVDA+s,script_speechMode,0x53,false,0x0,s,toggleSilenceSpeechHandler,2,2,nvda_orca_collision,none,false,false,true,nvda2026.2-globalCommands.py:2469,native source; existing generated-controller fixture; browser context requires native hook
global,desktop,kb:NVDA+control+space,script_moveToParentTreeInterceptor,0x20,false,0x0,space,appPreferencesSettingsHandler,2,2,unsupported_exit_embedded,none,false,false,true,nvda2026.2-globalCommands.py:2499,native source; existing generated-controller fixture; browser context requires native hook
global,laptop,kb:NVDA+control+space,script_moveToParentTreeInterceptor,0x20,false,0x0,space,appPreferencesSettingsHandler,2,2,unsupported_exit_embedded,none,false,false,true,nvda2026.2-globalCommands.py:2499,native source; existing generated-controller fixture; browser context requires native hook
global,desktop,kb:NVDA+space,script_toggleVirtualBufferPassThrough,0x20,false,0x0,space,preferencesSettingsHandler,1,1,translate:togglePresentationMode,togglePresentationMode,false,false,true,nvda2026.2-globalCommands.py:2527,native source; existing generated-controller fixture; browser context requires native hook
global,laptop,kb:NVDA+space,script_toggleVirtualBufferPassThrough,0x20,false,0x0,space,preferencesSettingsHandler,1,1,translate:togglePresentationMode,togglePresentationMode,false,false,true,nvda2026.2-globalCommands.py:2527,native source; existing generated-controller fixture; browser context requires native hook
global,desktop,kb:NVDA+q,script_quit,0x51,false,0x0,q,none,2,2,unsupported_nvda_command,none,false,false,true,nvda2026.2-globalCommands.py:2572,native source; existing generated-controller fixture; browser context requires native hook
global,laptop,kb:NVDA+q,script_quit,0x51,false,0x0,q,none,2,2,unsupported_nvda_command,none,false,false,true,nvda2026.2-globalCommands.py:2572,native source; existing generated-controller fixture; browser context requires native hook
global,desktop,kb:NVDA+n,script_showGui,0x4e,false,0x0,n,none,2,2,unsupported_nvda_command,none,false,false,true,nvda2026.2-globalCommands.py:2588,native source; existing generated-controller fixture; browser context requires native hook
global,laptop,kb:NVDA+n,script_showGui,0x4e,false,0x0,n,none,2,2,unsupported_nvda_command,none,false,false,true,nvda2026.2-globalCommands.py:2588,native source; existing generated-controller fixture; browser context requires native hook
global,desktop,kb:numpadPlus,script_review_sayAll,0x6b,false,0x0,KP_Add,sayAllHandler@1|flatReviewSayAllHandler@2,5,2,unsupported_review_say_all,none,false,false,true,nvda2026.2-globalCommands.py:2601,native source; existing generated-controller fixture; browser context requires native hook
global,laptop,kb:numpadPlus,script_review_sayAll,0x6b,false,0x0,KP_Add,sayAllHandler@1|flatReviewSayAllHandler@2,5,2,unsupported_review_say_all,none,false,false,true,nvda2026.2-globalCommands.py:2601,native source; existing generated-controller fixture; browser context requires native hook
global,laptop,kb(laptop):NVDA+shift+a,script_review_sayAll,0x41,false,0x0,a,none,2,2,unsupported_object_review,none,false,false,true,nvda2026.2-globalCommands.py:2601,native source; existing generated-controller fixture; browser context requires native hook
global,desktop,kb(desktop):NVDA+downArrow,script_sayAll,0x28,true,0x0,Down,none,1,1,translate:sayAll,sayAll,false,false,true,nvda2026.2-globalCommands.py:2613,native source; existing generated-controller fixture; browser context requires native hook
global,laptop,kb(laptop):NVDA+a,script_sayAll,0x41,false,0x0,a,none,1,1,translate:sayAll,sayAll,false,false,true,nvda2026.2-globalCommands.py:2613,native source; existing generated-controller fixture; browser context requires native hook
global,desktop,kb:NVDA+shift+f,script_reportFormatting,0x46,false,0x0,f,none,2,2,unsupported_nvda_command,none,false,false,true,nvda2026.2-globalCommands.py:2746,native source; existing generated-controller fixture; browser context requires native hook
global,laptop,kb:NVDA+shift+f,script_reportFormatting,0x46,false,0x0,f,none,2,2,unsupported_nvda_command,none,false,false,true,nvda2026.2-globalCommands.py:2746,native source; existing generated-controller fixture; browser context requires native hook
global,desktop,kb:NVDA+f,script_reportOrShowFormattingAtCaret,0x46,false,0x0,f,readCharAttributesHandler,2,2,nvda_orca_collision,none,false,false,true,nvda2026.2-globalCommands.py:2780,native source; existing generated-controller fixture; browser context requires native hook
global,laptop,kb:NVDA+f,script_reportOrShowFormattingAtCaret,0x46,false,0x0,f,readCharAttributesHandler,2,2,nvda_orca_collision,none,false,false,true,nvda2026.2-globalCommands.py:2780,native source; existing generated-controller fixture; browser context requires native hook
global,desktop,kb:NVDA+d,script_reportDetailsSummary,0x44,false,0x0,d,none,2,2,unsupported_nvda_command,none,false,false,true,nvda2026.2-globalCommands.py:2844,native source; existing generated-controller fixture; browser context requires native hook
global,laptop,kb:NVDA+d,script_reportDetailsSummary,0x44,false,0x0,d,none,2,2,unsupported_nvda_command,none,false,false,true,nvda2026.2-globalCommands.py:2844,native source; existing generated-controller fixture; browser context requires native hook
global,desktop,kb:NVDA+tab,script_reportCurrentFocus,0x9,false,0x0,Tab,none,1,1,translate:where_am_i,whereAmI,false,false,true,nvda2026.2-globalCommands.py:2909,native source; existing generated-controller fixture; browser context requires native hook
global,laptop,kb:NVDA+tab,script_reportCurrentFocus,0x9,false,0x0,Tab,none,1,1,translate:where_am_i,whereAmI,false,false,true,nvda2026.2-globalCommands.py:2909,native source; existing generated-controller fixture; browser context requires native hook
global,desktop,kb(desktop):NVDA+end,script_reportStatusLine,0x23,true,0x0,End,none,1,1,translate:status_bar,presentStatusBar,false,false,true,nvda2026.2-globalCommands.py:3064,native source; existing generated-controller fixture; browser context requires native hook
global,laptop,kb(laptop):NVDA+shift+end,script_reportStatusLine,0x23,true,0x0,End,none,1,1,translate:presentStatusBar,presentStatusBar,false,false,true,nvda2026.2-globalCommands.py:3064,native source; existing generated-controller fixture; browser context requires native hook
global,desktop,kb:shift+numpad2,script_reportFocusObjectAccelerator,0x28,false,0x50,KP_Down,none,4,1,translate:focus_accelerator,presentFocusAccelerator,false,false,true,nvda2026.2-globalCommands.py:3086,native source; existing generated-controller fixture; browser context requires native hook
global,laptop,kb:shift+numpad2,script_reportFocusObjectAccelerator,0x28,false,0x50,KP_Down,none,4,1,translate:focus_accelerator,presentFocusAccelerator,false,false,true,nvda2026.2-globalCommands.py:3086,native source; existing generated-controller fixture; browser context requires native hook
global,laptop,kb(laptop):NVDA+control+shift+.,script_reportFocusObjectAccelerator,0xbe,false,0x0,period,none,4,1,translate:focus_accelerator,presentFocusAccelerator,false,false,true,nvda2026.2-globalCommands.py:3086,native source; existing generated-controller fixture; browser context requires native hook
global,desktop,kb:NVDA+m,script_toggleMouseTracking,0x4d,false,0x0,m,none,1,1,translate:mouse_review,toggleMouseReview,false,false,true,nvda2026.2-globalCommands.py:3103,native source; existing generated-controller fixture; browser context requires native hook
global,laptop,kb:NVDA+m,script_toggleMouseTracking,0x4d,false,0x0,m,none,1,1,translate:mouse_review,toggleMouseReview,false,false,true,nvda2026.2-globalCommands.py:3103,native source; existing generated-controller fixture; browser context requires native hook
global,desktop,kb:NVDA+t,script_title,0x54,false,0x0,t,presentTimeHandler@1|presentDateHandler@2,1,1,translate:title,presentTitle,false,false,true,nvda2026.2-globalCommands.py:3163,native source; existing generated-controller fixture; browser context requires native hook
global,laptop,kb:NVDA+t,script_title,0x54,false,0x0,t,presentTimeHandler@1|presentDateHandler@2,1,1,translate:title,presentTitle,false,false,true,nvda2026.2-globalCommands.py:3163,native source; existing generated-controller fixture; browser context requires native hook
global,desktop,kb:NVDA+b,script_speakForeground,0x42,false,0x0,b,goToNextBookmark,2,2,nvda_orca_collision,none,false,false,true,nvda2026.2-globalCommands.py:3192,native source; existing generated-controller fixture; browser context requires native hook
global,laptop,kb:NVDA+b,script_speakForeground,0x42,false,0x0,b,goToNextBookmark,2,2,nvda_orca_collision,none,false,false,true,nvda2026.2-globalCommands.py:3192,native source; existing generated-controller fixture; browser context requires native hook
global,desktop,kb(desktop):NVDA+control+f2,script_test_navigatorDisplayModelText,0x71,false,0x0,F2,none,2,2,unsupported_nvda_command,none,false,false,true,nvda2026.2-globalCommands.py:3200,native source; existing generated-controller fixture; browser context requires native hook
global,desktop,kb:NVDA+f1,script_navigatorObject_devInfo,0x70,false,0x0,F1,none,2,2,unsupported_nvda_command,none,false,false,true,nvda2026.2-globalCommands.py:3231,native source; existing generated-controller fixture; browser context requires native hook
global,laptop,kb:NVDA+f1,script_navigatorObject_devInfo,0x70,false,0x0,F1,none,2,2,unsupported_nvda_command,none,false,false,true,nvda2026.2-globalCommands.py:3231,native source; existing generated-controller fixture; browser context requires native hook
global,desktop,kb:NVDA+control+shift+f1,script_log_markStartThenCopy,0x70,false,0x0,F1,none,2,2,unsupported_nvda_command,none,false,false,true,nvda2026.2-globalCommands.py:3257,native source; existing generated-controller fixture; browser context requires native hook
global,laptop,kb:NVDA+control+shift+f1,script_log_markStartThenCopy,0x70,false,0x0,F1,none,2,2,unsupported_nvda_command,none,false,false,true,nvda2026.2-globalCommands.py:3257,native source; existing generated-controller fixture; browser context requires native hook
global,desktop,kb:NVDA+u,script_toggleProgressBarOutput,0x55,false,0x0,u,none,1,1,translate:progress_output,cycleProgressBarOutput,false,false,true,nvda2026.2-globalCommands.py:3298,native source; existing generated-controller fixture; browser context requires native hook
global,laptop,kb:NVDA+u,script_toggleProgressBarOutput,0x55,false,0x0,u,none,1,1,translate:progress_output,cycleProgressBarOutput,false,false,true,nvda2026.2-globalCommands.py:3298,native source; existing generated-controller fixture; browser context requires native hook
global,desktop,kb:NVDA+5,script_toggleReportDynamicContentChanges,0x35,false,0x0,5,goToBookmark,2,2,nvda_orca_collision,none,false,false,true,nvda2026.2-globalCommands.py:3327,native source; existing generated-controller fixture; browser context requires native hook
global,laptop,kb:NVDA+5,script_toggleReportDynamicContentChanges,0x35,false,0x0,5,goToBookmark,2,2,nvda_orca_collision,none,false,false,true,nvda2026.2-globalCommands.py:3327,native source; existing generated-controller fixture; browser context requires native hook
global,desktop,kb:NVDA+6,script_toggleCaretMovesReviewCursor,0x36,false,0x0,6,goToBookmark,2,2,nvda_orca_collision,none,false,false,true,nvda2026.2-globalCommands.py:3344,native source; existing generated-controller fixture; browser context requires native hook
global,laptop,kb:NVDA+6,script_toggleCaretMovesReviewCursor,0x36,false,0x0,6,goToBookmark,2,2,nvda_orca_collision,none,false,false,true,nvda2026.2-globalCommands.py:3344,native source; existing generated-controller fixture; browser context requires native hook
global,desktop,kb:NVDA+7,script_toggleFocusMovesNavigatorObject,0x37,false,0x0,7,none,2,2,nvda_orca_collision,none,false,false,true,nvda2026.2-globalCommands.py:3361,native source; existing generated-controller fixture; browser context requires native hook
global,laptop,kb:NVDA+7,script_toggleFocusMovesNavigatorObject,0x37,false,0x0,7,none,2,2,nvda_orca_collision,none,false,false,true,nvda2026.2-globalCommands.py:3361,native source; existing generated-controller fixture; browser context requires native hook
global,desktop,kb:NVDA+shift+b,script_say_battery_status,0x42,false,0x0,b,goToPrevBookmark,2,2,nvda_orca_collision,none,false,false,true,nvda2026.2-globalCommands.py:3380,native source; existing generated-controller fixture; browser context requires native hook
global,laptop,kb:NVDA+shift+b,script_say_battery_status,0x42,false,0x0,b,goToPrevBookmark,2,2,nvda_orca_collision,none,false,false,true,nvda2026.2-globalCommands.py:3380,native source; existing generated-controller fixture; browser context requires native hook
global,desktop,kb:NVDA+f2,script_passNextKeyThrough,0x71,false,0x0,F2,none,1,1,translate:pass_next,pass_next,false,false,true,nvda2026.2-globalCommands.py:3392,native source; existing generated-controller fixture; browser context requires native hook
global,laptop,kb:NVDA+f2,script_passNextKeyThrough,0x71,false,0x0,F2,none,1,1,translate:pass_next,pass_next,false,false,true,nvda2026.2-globalCommands.py:3392,native source; existing generated-controller fixture; browser context requires native hook
global,desktop,kb:NVDA+control+f1,script_reportAppModuleInfo,0x70,false,0x0,F1,none,2,2,unsupported_nvda_command,none,false,false,true,nvda2026.2-globalCommands.py:3406,native source; existing generated-controller fixture; browser context requires native hook
global,laptop,kb:NVDA+control+f1,script_reportAppModuleInfo,0x70,false,0x0,F1,none,2,2,unsupported_nvda_command,none,false,false,true,nvda2026.2-globalCommands.py:3406,native source; existing generated-controller fixture; browser context requires native hook
global,desktop,kb:NVDA+control+g,script_activateGeneralSettingsDialog,0x47,false,0x0,g,none,2,2,nvda_orca_collision,none,false,false,true,nvda2026.2-globalCommands.py:3428,native source; existing generated-controller fixture; browser context requires native hook
global,laptop,kb:NVDA+control+g,script_activateGeneralSettingsDialog,0x47,false,0x0,g,none,2,2,nvda_orca_collision,none,false,false,true,nvda2026.2-globalCommands.py:3428,native source; existing generated-controller fixture; browser context requires native hook
global,desktop,kb:NVDA+control+s,script_activateSynthesizerDialog,0x53,false,0x0,s,none,2,2,nvda_orca_collision,none,false,false,true,nvda2026.2-globalCommands.py:3438,native source; existing generated-controller fixture; browser context requires native hook
global,laptop,kb:NVDA+control+s,script_activateSynthesizerDialog,0x53,false,0x0,s,none,2,2,nvda_orca_collision,none,false,false,true,nvda2026.2-globalCommands.py:3438,native source; existing generated-controller fixture; browser context requires native hook
global,desktop,kb:NVDA+control+v,script_activateVoiceDialog,0x56,false,0x0,v,none,2,2,nvda_orca_collision,none,false,false,true,nvda2026.2-globalCommands.py:3448,native source; existing generated-controller fixture; browser context requires native hook
global,laptop,kb:NVDA+control+v,script_activateVoiceDialog,0x56,false,0x0,v,none,2,2,nvda_orca_collision,none,false,false,true,nvda2026.2-globalCommands.py:3448,native source; existing generated-controller fixture; browser context requires native hook
global,desktop,kb:NVDA+control+a,script_activateBrailleDisplayDialog,0x41,false,0x0,a,none,2,2,nvda_orca_collision,none,false,false,true,nvda2026.2-globalCommands.py:3458,native source; existing generated-controller fixture; browser context requires native hook
global,laptop,kb:NVDA+control+a,script_activateBrailleDisplayDialog,0x41,false,0x0,a,none,2,2,nvda_orca_collision,none,false,false,true,nvda2026.2-globalCommands.py:3458,native source; existing generated-controller fixture; browser context requires native hook
global,desktop,kb:NVDA+control+u,script_activateAudioSettingsDialog,0x55,false,0x0,u,none,2,2,nvda_orca_collision,none,false,false,true,nvda2026.2-globalCommands.py:3477,native source; existing generated-controller fixture; browser context requires native hook
global,laptop,kb:NVDA+control+u,script_activateAudioSettingsDialog,0x55,false,0x0,u,none,2,2,nvda_orca_collision,none,false,false,true,nvda2026.2-globalCommands.py:3477,native source; existing generated-controller fixture; browser context requires native hook
global,desktop,kb:NVDA+control+k,script_activateKeyboardSettingsDialog,0x4b,false,0x0,k,none,2,2,nvda_orca_collision,none,false,false,true,nvda2026.2-globalCommands.py:3505,native source; existing generated-controller fixture; browser context requires native hook
global,laptop,kb:NVDA+control+k,script_activateKeyboardSettingsDialog,0x4b,false,0x0,k,none,2,2,nvda_orca_collision,none,false,false,true,nvda2026.2-globalCommands.py:3505,native source; existing generated-controller fixture; browser context requires native hook
global,desktop,kb:NVDA+control+m,script_activateMouseSettingsDialog,0x4d,false,0x0,m,none,2,2,nvda_orca_collision,none,false,false,true,nvda2026.2-globalCommands.py:3515,native source; existing generated-controller fixture; browser context requires native hook
global,laptop,kb:NVDA+control+m,script_activateMouseSettingsDialog,0x4d,false,0x0,m,none,2,2,nvda_orca_collision,none,false,false,true,nvda2026.2-globalCommands.py:3515,native source; existing generated-controller fixture; browser context requires native hook
global,desktop,kb:NVDA+control+o,script_activateObjectPresentationDialog,0x4f,false,0x0,o,none,2,2,nvda_orca_collision,none,false,false,true,nvda2026.2-globalCommands.py:3543,native source; existing generated-controller fixture; browser context requires native hook
global,laptop,kb:NVDA+control+o,script_activateObjectPresentationDialog,0x4f,false,0x0,o,none,2,2,nvda_orca_collision,none,false,false,true,nvda2026.2-globalCommands.py:3543,native source; existing generated-controller fixture; browser context requires native hook
global,desktop,kb:NVDA+control+b,script_activateBrowseModeDialog,0x42,false,0x0,b,none,2,2,nvda_orca_collision,none,false,false,true,nvda2026.2-globalCommands.py:3553,native source; existing generated-controller fixture; browser context requires native hook
global,laptop,kb:NVDA+control+b,script_activateBrowseModeDialog,0x42,false,0x0,b,none,2,2,nvda_orca_collision,none,false,false,true,nvda2026.2-globalCommands.py:3553,native source; existing generated-controller fixture; browser context requires native hook
global,desktop,kb:NVDA+control+d,script_activateDocumentFormattingDialog,0x44,false,0x0,d,none,2,2,nvda_orca_collision,none,false,false,true,nvda2026.2-globalCommands.py:3563,native source; existing generated-controller fixture; browser context requires native hook
global,laptop,kb:NVDA+control+d,script_activateDocumentFormattingDialog,0x44,false,0x0,d,none,2,2,nvda_orca_collision,none,false,false,true,nvda2026.2-globalCommands.py:3563,native source; existing generated-controller fixture; browser context requires native hook
global,desktop,kb:NVDA+control+w,script_activateMagnifierSettingsDialog,0x57,false,0x0,w,none,2,2,nvda_orca_collision,none,false,false,true,nvda2026.2-globalCommands.py:3654,native source; existing generated-controller fixture; browser context requires native hook
global,laptop,kb:NVDA+control+w,script_activateMagnifierSettingsDialog,0x57,false,0x0,w,none,2,2,nvda_orca_collision,none,false,false,true,nvda2026.2-globalCommands.py:3654,native source; existing generated-controller fixture; browser context requires native hook
global,desktop,kb:NVDA+control+c,script_saveConfiguration,0x43,false,0x0,c,none,2,2,nvda_orca_collision,none,false,false,true,nvda2026.2-globalCommands.py:3684,native source; existing generated-controller fixture; browser context requires native hook
global,laptop,kb:NVDA+control+c,script_saveConfiguration,0x43,false,0x0,c,none,2,2,nvda_orca_collision,none,false,false,true,nvda2026.2-globalCommands.py:3684,native source; existing generated-controller fixture; browser context requires native hook
global,desktop,kb:NVDA+control+r,script_revertConfiguration,0x52,false,0x0,r,none,2,2,nvda_orca_collision,none,false,false,true,nvda2026.2-globalCommands.py:3696,native source; existing generated-controller fixture; browser context requires native hook
global,laptop,kb:NVDA+control+r,script_revertConfiguration,0x52,false,0x0,r,none,2,2,nvda_orca_collision,none,false,false,true,nvda2026.2-globalCommands.py:3696,native source; existing generated-controller fixture; browser context requires native hook
global,desktop,kb:NVDA+control+z,script_activatePythonConsole,0x5a,false,0x0,z,none,2,2,nvda_orca_collision,none,false,false,true,nvda2026.2-globalCommands.py:3713,native source; existing generated-controller fixture; browser context requires native hook
global,laptop,kb:NVDA+control+z,script_activatePythonConsole,0x5a,false,0x0,z,none,2,2,nvda_orca_collision,none,false,false,true,nvda2026.2-globalCommands.py:3713,native source; existing generated-controller fixture; browser context requires native hook
global,desktop,kb:NVDA+control+t,script_braille_toggleTether,0x54,false,0x0,t,none,2,2,nvda_orca_collision,none,false,false,true,nvda2026.2-globalCommands.py:3785,native source; existing generated-controller fixture; browser context requires native hook
global,laptop,kb:NVDA+control+t,script_braille_toggleTether,0x54,false,0x0,t,none,2,2,nvda_orca_collision,none,false,false,true,nvda2026.2-globalCommands.py:3785,native source; existing generated-controller fixture; browser context requires native hook
global,desktop,kb:NVDA+alt+t,script_toggleBrailleMode,0x54,false,0x0,t,none,2,2,unsupported_nvda_command,none,false,false,true,nvda2026.2-globalCommands.py:3808,native source; existing generated-controller fixture; browser context requires native hook
global,laptop,kb:NVDA+alt+t,script_toggleBrailleMode,0x54,false,0x0,t,none,2,2,unsupported_nvda_command,none,false,false,true,nvda2026.2-globalCommands.py:3808,native source; existing generated-controller fixture; browser context requires native hook
global,desktop,kb:NVDA+c,script_reportClipboardText,0x43,false,0x0,c,none,2,2,unsupported_nvda_command,none,false,false,true,nvda2026.2-globalCommands.py:4055,native source; existing generated-controller fixture; browser context requires native hook
global,laptop,kb:NVDA+c,script_reportClipboardText,0x43,false,0x0,c,none,2,2,unsupported_nvda_command,none,false,false,true,nvda2026.2-globalCommands.py:4055,native source; existing generated-controller fixture; browser context requires native hook
global,desktop,kb:NVDA+f9,script_review_markStartForCopy,0x78,false,0x0,F9,none,2,2,unsupported_nvda_command,none,false,false,true,nvda2026.2-globalCommands.py:4093,native source; existing generated-controller fixture; browser context requires native hook
global,laptop,kb:NVDA+f9,script_review_markStartForCopy,0x78,false,0x0,F9,none,2,2,unsupported_nvda_command,none,false,false,true,nvda2026.2-globalCommands.py:4093,native source; existing generated-controller fixture; browser context requires native hook
global,desktop,kb:NVDA+shift+F9,script_review_moveToStartMarkedForCopy,0x78,false,0x0,F9,none,2,2,unsupported_nvda_command,none,false,false,true,nvda2026.2-globalCommands.py:4112,native source; existing generated-controller fixture; browser context requires native hook
global,laptop,kb:NVDA+shift+F9,script_review_moveToStartMarkedForCopy,0x78,false,0x0,F9,none,2,2,unsupported_nvda_command,none,false,false,true,nvda2026.2-globalCommands.py:4112,native source; existing generated-controller fixture; browser context requires native hook
global,desktop,kb:NVDA+f10,script_review_copy,0x79,false,0x0,F10,none,2,2,unsupported_nvda_command,none,false,false,true,nvda2026.2-globalCommands.py:4145,native source; existing generated-controller fixture; browser context requires native hook
global,laptop,kb:NVDA+f10,script_review_copy,0x79,false,0x0,F10,none,2,2,unsupported_nvda_command,none,false,false,true,nvda2026.2-globalCommands.py:4145,native source; existing generated-controller fixture; browser context requires native hook
global,desktop,kb:NVDA+control+f3,script_reloadPlugins,0x72,false,0x0,F3,none,2,2,unsupported_nvda_command,none,false,false,true,nvda2026.2-globalCommands.py:4447,native source; existing generated-controller fixture; browser context requires native hook
global,laptop,kb:NVDA+control+f3,script_reloadPlugins,0x72,false,0x0,F3,none,2,2,unsupported_nvda_command,none,false,false,true,nvda2026.2-globalCommands.py:4447,native source; existing generated-controller fixture; browser context requires native hook
global,desktop,kb:NVDA+k,script_reportLinkDestination,0x4b,false,0x0,k,none,2,2,nvda_orca_collision,none,false,false,true,nvda2026.2-globalCommands.py:4466,native source; existing generated-controller fixture; browser context requires native hook
global,laptop,kb:NVDA+k,script_reportLinkDestination,0x4b,false,0x0,k,none,2,2,nvda_orca_collision,none,false,false,true,nvda2026.2-globalCommands.py:4466,native source; existing generated-controller fixture; browser context requires native hook
global,desktop,kb:NVDA+numpad3,script_navigatorObject_nextInFlow,0x22,false,0x51,KP_Page_Down,none,2,2,unsupported_object_review,none,false,false,true,nvda2026.2-globalCommands.py:4542,native source; existing generated-controller fixture; browser context requires native hook
global,laptop,kb:NVDA+numpad3,script_navigatorObject_nextInFlow,0x22,false,0x51,KP_Page_Down,none,2,2,unsupported_object_review,none,false,false,true,nvda2026.2-globalCommands.py:4542,native source; existing generated-controller fixture; browser context requires native hook
global,laptop,kb(laptop):shift+NVDA+],script_navigatorObject_nextInFlow,0xdd,false,0x0,bracketright,none,2,2,unsupported_nvda_command,none,false,false,true,nvda2026.2-globalCommands.py:4542,native source; existing generated-controller fixture; browser context requires native hook
global,desktop,kb:NVDA+numpad9,script_navigatorObject_previousInFlow,0x21,false,0x49,KP_Page_Up,reviewEndHandler,2,2,unsupported_object_review,none,false,false,true,nvda2026.2-globalCommands.py:4580,native source; existing generated-controller fixture; browser context requires native hook
global,laptop,kb:NVDA+numpad9,script_navigatorObject_previousInFlow,0x21,false,0x49,KP_Page_Up,reviewEndHandler,2,2,unsupported_object_review,none,false,false,true,nvda2026.2-globalCommands.py:4580,native source; existing generated-controller fixture; browser context requires native hook
global,laptop,kb(laptop):shift+NVDA+[,script_navigatorObject_previousInFlow,0xdb,false,0x0,bracketleft,none,2,2,unsupported_nvda_command,none,false,false,true,nvda2026.2-globalCommands.py:4580,native source; existing generated-controller fixture; browser context requires native hook
global,desktop,kb:NVDA+control+alt+t,script_toggleTouchSupport,0x54,false,0x0,t,none,2,2,unsupported_nvda_command,none,false,false,true,nvda2026.2-globalCommands.py:4609,native source; existing generated-controller fixture; browser context requires native hook
global,laptop,kb:NVDA+control+alt+t,script_toggleTouchSupport,0x54,false,0x0,t,none,2,2,unsupported_nvda_command,none,false,false,true,nvda2026.2-globalCommands.py:4609,native source; existing generated-controller fixture; browser context requires native hook
global,desktop,kb:NVDA+control+p,script_activateConfigProfilesDialog,0x50,false,0x0,p,none,2,2,nvda_orca_collision,none,false,false,true,nvda2026.2-globalCommands.py:4719,native source; existing generated-controller fixture; browser context requires native hook
global,laptop,kb:NVDA+control+p,script_activateConfigProfilesDialog,0x50,false,0x0,p,none,2,2,nvda_orca_collision,none,false,false,true,nvda2026.2-globalCommands.py:4719,native source; existing generated-controller fixture; browser context requires native hook
global,desktop,kb:NVDA+alt+m,script_interactWithMath,0x4d,false,0x0,m,none,2,2,unsupported_nvda_command,none,false,false,true,nvda2026.2-globalCommands.py:4751,native source; existing generated-controller fixture; browser context requires native hook
global,laptop,kb:NVDA+alt+m,script_interactWithMath,0x4d,false,0x0,m,none,2,2,unsupported_nvda_command,none,false,false,true,nvda2026.2-globalCommands.py:4751,native source; existing generated-controller fixture; browser context requires native hook
global,desktop,kb:NVDA+r,script_recognizeWithUwpOcr,0x52,false,0x0,r,none,2,2,unsupported_nvda_command,none,false,false,true,nvda2026.2-globalCommands.py:4774,native source; existing generated-controller fixture; browser context requires native hook
global,laptop,kb:NVDA+r,script_recognizeWithUwpOcr,0x52,false,0x0,r,none,2,2,unsupported_nvda_command,none,false,false,true,nvda2026.2-globalCommands.py:4774,native source; existing generated-controller fixture; browser context requires native hook
global,desktop,kb:NVDA+control+escape,script_toggleScreenCurtain,0x1b,false,0x0,Escape,none,2,2,unsupported_nvda_command,none,false,false,true,nvda2026.2-globalCommands.py:4898,native source; existing generated-controller fixture; browser context requires native hook
global,laptop,kb:NVDA+control+escape,script_toggleScreenCurtain,0x1b,false,0x0,Escape,none,2,2,unsupported_nvda_command,none,false,false,true,nvda2026.2-globalCommands.py:4898,native source; existing generated-controller fixture; browser context requires native hook
global,desktop,kb:NVDA+shift+w,script_toggleMagnifier,0x57,false,0x0,w,none,2,2,unsupported_nvda_command,none,false,false,true,nvda2026.2-globalCommands.py:5058,native source; existing generated-controller fixture; browser context requires native hook
global,laptop,kb:NVDA+shift+w,script_toggleMagnifier,0x57,false,0x0,w,none,2,2,unsupported_nvda_command,none,false,false,true,nvda2026.2-globalCommands.py:5058,native source; existing generated-controller fixture; browser context requires native hook
global,desktop,kb:NVDA+shift+=,script_zoomIn,0xbb,false,0x0,equal,none,2,2,unsupported_nvda_command,none,false,false,true,nvda2026.2-globalCommands.py:5072,native source; existing generated-controller fixture; browser context requires native hook
global,laptop,kb:NVDA+shift+=,script_zoomIn,0xbb,false,0x0,equal,none,2,2,unsupported_nvda_command,none,false,false,true,nvda2026.2-globalCommands.py:5072,native source; existing generated-controller fixture; browser context requires native hook
global,desktop,kb:NVDA+shift+-,script_zoomOut,0xbd,false,0x0,minus,none,2,2,unsupported_nvda_command,none,false,false,true,nvda2026.2-globalCommands.py:5086,native source; existing generated-controller fixture; browser context requires native hook
global,laptop,kb:NVDA+shift+-,script_zoomOut,0xbd,false,0x0,minus,none,2,2,unsupported_nvda_command,none,false,false,true,nvda2026.2-globalCommands.py:5086,native source; existing generated-controller fixture; browser context requires native hook
global,desktop,kb:nvda+alt+leftArrow,script_panLeft,0x25,true,0x0,Left,none,2,2,unsupported_nvda_command,none,false,false,true,nvda2026.2-globalCommands.py:5100,native source; existing generated-controller fixture; browser context requires native hook
global,laptop,kb:nvda+alt+leftArrow,script_panLeft,0x25,true,0x0,Left,none,2,2,unsupported_nvda_command,none,false,false,true,nvda2026.2-globalCommands.py:5100,native source; existing generated-controller fixture; browser context requires native hook
global,desktop,kb:nvda+alt+rightArrow,script_panRight,0x27,true,0x0,Right,none,2,2,unsupported_nvda_command,none,false,false,true,nvda2026.2-globalCommands.py:5114,native source; existing generated-controller fixture; browser context requires native hook
global,laptop,kb:nvda+alt+rightArrow,script_panRight,0x27,true,0x0,Right,none,2,2,unsupported_nvda_command,none,false,false,true,nvda2026.2-globalCommands.py:5114,native source; existing generated-controller fixture; browser context requires native hook
global,desktop,kb:nvda+alt+upArrow,script_panUp,0x26,true,0x0,Up,none,2,2,unsupported_nvda_command,none,false,false,true,nvda2026.2-globalCommands.py:5128,native source; existing generated-controller fixture; browser context requires native hook
global,laptop,kb:nvda+alt+upArrow,script_panUp,0x26,true,0x0,Up,none,2,2,unsupported_nvda_command,none,false,false,true,nvda2026.2-globalCommands.py:5128,native source; existing generated-controller fixture; browser context requires native hook
global,desktop,kb:nvda+alt+downArrow,script_panDown,0x28,true,0x0,Down,none,2,2,unsupported_nvda_command,none,false,false,true,nvda2026.2-globalCommands.py:5142,native source; existing generated-controller fixture; browser context requires native hook
global,laptop,kb:nvda+alt+downArrow,script_panDown,0x28,true,0x0,Down,none,2,2,unsupported_nvda_command,none,false,false,true,nvda2026.2-globalCommands.py:5142,native source; existing generated-controller fixture; browser context requires native hook
global,desktop,kb:nvda+shift+alt+leftArrow,script_panToLeftEdge,0x25,true,0x0,Left,none,2,2,unsupported_nvda_command,none,false,false,true,nvda2026.2-globalCommands.py:5156,native source; existing generated-controller fixture; browser context requires native hook
global,laptop,kb:nvda+shift+alt+leftArrow,script_panToLeftEdge,0x25,true,0x0,Left,none,2,2,unsupported_nvda_command,none,false,false,true,nvda2026.2-globalCommands.py:5156,native source; existing generated-controller fixture; browser context requires native hook
global,desktop,kb:nvda+shift+alt+rightArrow,script_panToRightEdge,0x27,true,0x0,Right,none,2,2,unsupported_nvda_command,none,false,false,true,nvda2026.2-globalCommands.py:5170,native source; existing generated-controller fixture; browser context requires native hook
global,laptop,kb:nvda+shift+alt+rightArrow,script_panToRightEdge,0x27,true,0x0,Right,none,2,2,unsupported_nvda_command,none,false,false,true,nvda2026.2-globalCommands.py:5170,native source; existing generated-controller fixture; browser context requires native hook
global,desktop,kb:nvda+shift+alt+upArrow,script_panToTopEdge,0x26,true,0x0,Up,none,2,2,unsupported_nvda_command,none,false,false,true,nvda2026.2-globalCommands.py:5184,native source; existing generated-controller fixture; browser context requires native hook
global,laptop,kb:nvda+shift+alt+upArrow,script_panToTopEdge,0x26,true,0x0,Up,none,2,2,unsupported_nvda_command,none,false,false,true,nvda2026.2-globalCommands.py:5184,native source; existing generated-controller fixture; browser context requires native hook
global,desktop,kb:nvda+shift+alt+downArrow,script_panToBottomEdge,0x28,true,0x0,Down,none,2,2,unsupported_nvda_command,none,false,false,true,nvda2026.2-globalCommands.py:5198,native source; existing generated-controller fixture; browser context requires native hook
global,laptop,kb:nvda+shift+alt+downArrow,script_panToBottomEdge,0x28,true,0x0,Down,none,2,2,unsupported_nvda_command,none,false,false,true,nvda2026.2-globalCommands.py:5198,native source; existing generated-controller fixture; browser context requires native hook
global,desktop,kb:NVDA+shift+i,script_cycleFilters,0x49,false,0x0,i,none,2,2,unsupported_nvda_command,none,false,false,true,nvda2026.2-globalCommands.py:5212,native source; existing generated-controller fixture; browser context requires native hook
global,laptop,kb:NVDA+shift+i,script_cycleFilters,0x49,false,0x0,i,none,2,2,unsupported_nvda_command,none,false,false,true,nvda2026.2-globalCommands.py:5212,native source; existing generated-controller fixture; browser context requires native hook
global,desktop,kb:NVDA+shift+l,script_showEntireScreenOverview,0x4c,false,0x0,l,none,2,2,unsupported_nvda_command,none,false,false,true,nvda2026.2-globalCommands.py:5304,native source; existing generated-controller fixture; browser context requires native hook
global,laptop,kb:NVDA+shift+l,script_showEntireScreenOverview,0x4c,false,0x0,l,none,2,2,unsupported_nvda_command,none,false,false,true,nvda2026.2-globalCommands.py:5304,native source; existing generated-controller fixture; browser context requires native hook
global,desktop,kb:NVDA+alt+s,script_cycleSoundSplit,0x53,false,0x0,s,none,2,2,unsupported_nvda_command,none,false,false,true,nvda2026.2-globalCommands.py:5332,native source; existing generated-controller fixture; browser context requires native hook
global,laptop,kb:NVDA+alt+s,script_cycleSoundSplit,0x53,false,0x0,s,none,2,2,unsupported_nvda_command,none,false,false,true,nvda2026.2-globalCommands.py:5332,native source; existing generated-controller fixture; browser context requires native hook
global,desktop,kb:NVDA+alt+r,script_toggleRemoteConnection,0x52,false,0x0,r,none,2,2,unsupported_nvda_command,none,false,false,true,nvda2026.2-globalCommands.py:5441,native source; existing generated-controller fixture; browser context requires native hook
global,laptop,kb:NVDA+alt+r,script_toggleRemoteConnection,0x52,false,0x0,r,none,2,2,unsupported_nvda_command,none,false,false,true,nvda2026.2-globalCommands.py:5441,native source; existing generated-controller fixture; browser context requires native hook
global,desktop,kb:NVDA+alt+tab,script_sendKeys,0x9,false,0x0,Tab,none,2,2,unsupported_nvda_command,none,false,false,true,nvda2026.2-globalCommands.py:5457,native source; existing generated-controller fixture; browser context requires native hook
global,laptop,kb:NVDA+alt+tab,script_sendKeys,0x9,false,0x0,Tab,none,2,2,unsupported_nvda_command,none,false,false,true,nvda2026.2-globalCommands.py:5457,native source; existing generated-controller fixture; browser context requires native hook
global,desktop,kb:NVDA+x,script_repeatLastSpokenInformation,0x58,false,0x0,x,none,2,2,unsupported_nvda_command,none,false,false,true,nvda2026.2-globalCommands.py:5481,native source; existing generated-controller fixture; browser context requires native hook
global,laptop,kb:NVDA+x,script_repeatLastSpokenInformation,0x58,false,0x0,x,none,2,2,unsupported_nvda_command,none,false,false,true,nvda2026.2-globalCommands.py:5481,native source; existing generated-controller fixture; browser context requires native hook
browse,desktop,kb:NVDA+v,script_toggleScreenLayout,0x56,false,0x0,v,toggleSpeechVerbosityHandler,1,1,,none,true,true,true,nvda2026.2-browseMode.py:2833,native source; existing generated-controller fixture; browser context requires native hook
browse,laptop,kb:NVDA+v,script_toggleScreenLayout,0x56,false,0x0,v,toggleSpeechVerbosityHandler,1,1,,none,true,true,true,nvda2026.2-browseMode.py:2833,native source; existing generated-controller fixture; browser context requires native hook
browse,desktop,kb:NVDA+shift+f10,script_toggleNativeAppSelectionMode,0x79,false,0x0,F10,none,2,2,,none,true,true,true,nvda2026.2-browseMode.py:2853,native source; existing generated-controller fixture; browser context requires native hook
browse,laptop,kb:NVDA+shift+f10,script_toggleNativeAppSelectionMode,0x79,false,0x0,F10,none,2,2,,none,true,true,true,nvda2026.2-browseMode.py:2853,native source; existing generated-controller fixture; browser context requires native hook
browse,desktop,kb:NVDA+f7,script_elementsList,0x76,false,0x0,F7,none,1,1,translate:elements_list,elements_list,false,false,true,nvda2026.2-browseMode.py:885,native source; existing generated-controller fixture; browser context requires native hook
browse,laptop,kb:NVDA+f7,script_elementsList,0x76,false,0x0,F7,none,1,1,translate:elements_list,elements_list,false,false,true,nvda2026.2-browseMode.py:885,native source; existing generated-controller fixture; browser context requires native hook
browse,desktop,kb:enter,script_activatePosition,0xd,false,0x0,Return,none,3,3,,none,true,true,true,nvda2026.2-browseMode.py:885,native source; existing generated-controller fixture; browser context requires native hook
browse,laptop,kb:enter,script_activatePosition,0xd,false,0x0,Return,none,3,3,,none,true,true,true,nvda2026.2-browseMode.py:885,native source; existing generated-controller fixture; browser context requires native hook
browse,desktop,kb:numpadEnter,script_activatePosition,0xd,true,0x0,KP_Enter,whereAmIBasicHandler@1|whereAmIDetailedHandler@2,3,3,,none,true,true,true,nvda2026.2-browseMode.py:885,native source; existing generated-controller fixture; browser context requires native hook
browse,laptop,kb:numpadEnter,script_activatePosition,0xd,true,0x0,KP_Enter,whereAmIBasicHandler@1|whereAmIDetailedHandler@2,3,3,,none,true,true,true,nvda2026.2-browseMode.py:885,native source; existing generated-controller fixture; browser context requires native hook
browse,desktop,kb:space,script_activatePosition,0x20,false,0x0,space,none,3,3,,none,true,true,true,nvda2026.2-browseMode.py:885,native source; existing generated-controller fixture; browser context requires native hook
browse,laptop,kb:space,script_activatePosition,0x20,false,0x0,space,none,3,3,,none,true,true,true,nvda2026.2-browseMode.py:885,native source; existing generated-controller fixture; browser context requires native hook
browse,desktop,kb:NVDA+shift+space,script_toggleSingleLetterNav,0x20,false,0x0,space,none,1,1,translate:toggleStructuralNavigation,toggleStructuralNavigation,false,false,true,nvda2026.2-browseMode.py:885,native source; existing generated-controller fixture; browser context requires native hook
browse,laptop,kb:NVDA+shift+space,script_toggleSingleLetterNav,0x20,false,0x0,space,none,1,1,translate:toggleStructuralNavigation,toggleStructuralNavigation,false,false,true,nvda2026.2-browseMode.py:885,native source; existing generated-controller fixture; browser context requires native hook
browse,desktop,kb:escape,script_disablePassThrough,0x1b,false,0x0,Escape,none,3,3,,none,true,true,true,nvda2026.2-browseMode.py:885,native source; existing generated-controller fixture; browser context requires native hook
browse,laptop,kb:escape,script_disablePassThrough,0x1b,false,0x0,Escape,none,3,3,,none,true,true,true,nvda2026.2-browseMode.py:885,native source; existing generated-controller fixture; browser context requires native hook
browse,desktop,kb:control+enter,script_passThrough,0xd,false,0x0,Return,none,3,3,,none,true,true,true,nvda2026.2-browseMode.py:885,native source; existing generated-controller fixture; browser context requires native hook
browse,laptop,kb:control+enter,script_passThrough,0xd,false,0x0,Return,none,3,3,,none,true,true,true,nvda2026.2-browseMode.py:885,native source; existing generated-controller fixture; browser context requires native hook
browse,desktop,kb:control+numpadEnter,script_passThrough,0xd,true,0x0,KP_Enter,none,3,3,,none,true,true,true,nvda2026.2-browseMode.py:885,native source; existing generated-controller fixture; browser context requires native hook
browse,laptop,kb:control+numpadEnter,script_passThrough,0xd,true,0x0,KP_Enter,none,3,3,,none,true,true,true,nvda2026.2-browseMode.py:885,native source; existing generated-controller fixture; browser context requires native hook
browse,desktop,kb:shift+enter,script_passThrough,0xd,false,0x0,Return,none,3,3,,none,true,true,true,nvda2026.2-browseMode.py:885,native source; existing generated-controller fixture; browser context requires native hook
browse,laptop,kb:shift+enter,script_passThrough,0xd,false,0x0,Return,none,3,3,,none,true,true,true,nvda2026.2-browseMode.py:885,native source; existing generated-controller fixture; browser context requires native hook
browse,desktop,kb:shift+numpadEnter,script_passThrough,0xd,true,0x0,KP_Enter,none,3,3,,none,true,true,true,nvda2026.2-browseMode.py:885,native source; existing generated-controller fixture; browser context requires native hook
browse,laptop,kb:shift+numpadEnter,script_passThrough,0xd,true,0x0,KP_Enter,none,3,3,,none,true,true,true,nvda2026.2-browseMode.py:885,native source; existing generated-controller fixture; browser context requires native hook
browse,desktop,kb:control+shift+enter,script_passThrough,0xd,false,0x0,Return,none,3,3,,none,true,true,true,nvda2026.2-browseMode.py:885,native source; existing generated-controller fixture; browser context requires native hook
browse,laptop,kb:control+shift+enter,script_passThrough,0xd,false,0x0,Return,none,3,3,,none,true,true,true,nvda2026.2-browseMode.py:885,native source; existing generated-controller fixture; browser context requires native hook
browse,desktop,kb:control+shift+numpadEnter,script_passThrough,0xd,true,0x0,KP_Enter,none,3,3,,none,true,true,true,nvda2026.2-browseMode.py:885,native source; existing generated-controller fixture; browser context requires native hook
browse,laptop,kb:control+shift+numpadEnter,script_passThrough,0xd,true,0x0,KP_Enter,none,3,3,,none,true,true,true,nvda2026.2-browseMode.py:885,native source; existing generated-controller fixture; browser context requires native hook
browse,desktop,kb:alt+enter,script_passThrough,0xd,false,0x0,Return,none,3,3,,none,true,true,true,nvda2026.2-browseMode.py:885,native source; existing generated-controller fixture; browser context requires native hook
browse,laptop,kb:alt+enter,script_passThrough,0xd,false,0x0,Return,none,3,3,,none,true,true,true,nvda2026.2-browseMode.py:885,native source; existing generated-controller fixture; browser context requires native hook
browse,desktop,kb:alt+numpadEnter,script_passThrough,0xd,true,0x0,KP_Enter,none,3,3,,none,true,true,true,nvda2026.2-browseMode.py:885,native source; existing generated-controller fixture; browser context requires native hook
browse,laptop,kb:alt+numpadEnter,script_passThrough,0xd,true,0x0,KP_Enter,none,3,3,,none,true,true,true,nvda2026.2-browseMode.py:885,native source; existing generated-controller fixture; browser context requires native hook
browse,desktop,kb:applications,script_passThrough,0x5d,false,0x0,applications,none,3,3,,none,true,true,true,nvda2026.2-browseMode.py:885,native source; existing generated-controller fixture; browser context requires native hook
browse,laptop,kb:applications,script_passThrough,0x5d,false,0x0,applications,none,3,3,,none,true,true,true,nvda2026.2-browseMode.py:885,native source; existing generated-controller fixture; browser context requires native hook
browse,desktop,kb:shift+applications,script_passThrough,0x5d,false,0x0,applications,none,3,3,,none,true,true,true,nvda2026.2-browseMode.py:885,native source; existing generated-controller fixture; browser context requires native hook
browse,laptop,kb:shift+applications,script_passThrough,0x5d,false,0x0,applications,none,3,3,,none,true,true,true,nvda2026.2-browseMode.py:885,native source; existing generated-controller fixture; browser context requires native hook
browse,desktop,kb:shift+f10,script_passThrough,0x79,false,0x0,F10,none,3,3,,none,true,true,true,nvda2026.2-browseMode.py:885,native source; existing generated-controller fixture; browser context requires native hook
browse,laptop,kb:shift+f10,script_passThrough,0x79,false,0x0,F10,none,3,3,,none,true,true,true,nvda2026.2-browseMode.py:885,native source; existing generated-controller fixture; browser context requires native hook
browse,desktop,kb:alt+upArrow,script_collapseOrExpandControl,0x26,true,0x0,Up,none,2,2,,none,true,true,true,nvda2026.2-browseMode.py:2808,native source; existing generated-controller fixture; browser context requires native hook
browse,laptop,kb:alt+upArrow,script_collapseOrExpandControl,0x26,true,0x0,Up,none,2,2,,none,true,true,true,nvda2026.2-browseMode.py:2808,native source; existing generated-controller fixture; browser context requires native hook
browse,desktop,kb:alt+downArrow,script_collapseOrExpandControl,0x28,true,0x0,Down,none,2,2,,none,true,true,true,nvda2026.2-browseMode.py:2808,native source; existing generated-controller fixture; browser context requires native hook
browse,laptop,kb:alt+downArrow,script_collapseOrExpandControl,0x28,true,0x0,Down,none,2,2,,none,true,true,true,nvda2026.2-browseMode.py:2808,native source; existing generated-controller fixture; browser context requires native hook
browse,desktop,kb:tab,script_tab,0x9,false,0x0,Tab,none,3,3,,none,true,true,true,nvda2026.2-browseMode.py:2808,native source; existing generated-controller fixture; browser context requires native hook
browse,laptop,kb:tab,script_tab,0x9,false,0x0,Tab,none,3,3,,none,true,true,true,nvda2026.2-browseMode.py:2808,native source; existing generated-controller fixture; browser context requires native hook
browse,desktop,kb:shift+tab,script_shiftTab,0x9,false,0x0,Tab,none,3,3,,none,true,true,true,nvda2026.2-browseMode.py:2808,native source; existing generated-controller fixture; browser context requires native hook
browse,laptop,kb:shift+tab,script_shiftTab,0x9,false,0x0,Tab,none,3,3,,none,true,true,true,nvda2026.2-browseMode.py:2808,native source; existing generated-controller fixture; browser context requires native hook
browse,desktop,"kb:shift+,",script_moveToStartOfContainer,0xbc,false,0x0,comma,none,3,3,,none,true,true,true,nvda2026.2-browseMode.py:2808,native source; existing generated-controller fixture; browser context requires native hook
browse,laptop,"kb:shift+,",script_moveToStartOfContainer,0xbc,false,0x0,comma,none,3,3,,none,true,true,true,nvda2026.2-browseMode.py:2808,native source; existing generated-controller fixture; browser context requires native hook
browse,desktop,"kb:,",script_movePastEndOfContainer,0xbc,false,0x0,comma,none,3,3,,none,true,true,true,nvda2026.2-browseMode.py:2808,native source; existing generated-controller fixture; browser context requires native hook
browse,laptop,"kb:,",script_movePastEndOfContainer,0xbc,false,0x0,comma,none,3,3,,none,true,true,true,nvda2026.2-browseMode.py:2808,native source; existing generated-controller fixture; browser context requires native hook
browseQuick,desktop,kb:h,heading:next,0x48,false,0x0,h,heading,3,3,,none,true,true,true,nvda2026.2-browseMode.py:908,native source; existing generated-controller fixture; browser context requires native hook
browseQuick,laptop,kb:h,heading:next,0x48,false,0x0,h,heading,3,3,,none,true,true,true,nvda2026.2-browseMode.py:908,native source; existing generated-controller fixture; browser context requires native hook
browseQuick,desktop,kb:shift+h,heading:previous,0x48,false,0x0,h,heading,3,3,,none,true,true,true,nvda2026.2-browseMode.py:908,native source; existing generated-controller fixture; browser context requires native hook
browseQuick,laptop,kb:shift+h,heading:previous,0x48,false,0x0,h,heading,3,3,,none,true,true,true,nvda2026.2-browseMode.py:908,native source; existing generated-controller fixture; browser context requires native hook
browseQuick,desktop,kb:t,table:next,0x54,false,0x0,t,table,3,3,,none,true,true,true,nvda2026.2-browseMode.py:923,native source; existing generated-controller fixture; browser context requires native hook
browseQuick,laptop,kb:t,table:next,0x54,false,0x0,t,table,3,3,,none,true,true,true,nvda2026.2-browseMode.py:923,native source; existing generated-controller fixture; browser context requires native hook
browseQuick,desktop,kb:shift+t,table:previous,0x54,false,0x0,t,table,3,3,,none,true,true,true,nvda2026.2-browseMode.py:923,native source; existing generated-controller fixture; browser context requires native hook
browseQuick,laptop,kb:shift+t,table:previous,0x54,false,0x0,t,table,3,3,,none,true,true,true,nvda2026.2-browseMode.py:923,native source; existing generated-controller fixture; browser context requires native hook
browseQuick,desktop,kb:k,link:next,0x4b,false,0x0,k,link,3,3,,none,true,true,true,nvda2026.2-browseMode.py:938,native source; existing generated-controller fixture; browser context requires native hook
browseQuick,laptop,kb:k,link:next,0x4b,false,0x0,k,link,3,3,,none,true,true,true,nvda2026.2-browseMode.py:938,native source; existing generated-controller fixture; browser context requires native hook
browseQuick,desktop,kb:shift+k,link:previous,0x4b,false,0x0,k,link,3,3,,none,true,true,true,nvda2026.2-browseMode.py:938,native source; existing generated-controller fixture; browser context requires native hook
browseQuick,laptop,kb:shift+k,link:previous,0x4b,false,0x0,k,link,3,3,,none,true,true,true,nvda2026.2-browseMode.py:938,native source; existing generated-controller fixture; browser context requires native hook
browseQuick,desktop,kb:v,visitedLink:next,0x56,false,0x0,v,visitedLink,3,3,,none,true,true,true,nvda2026.2-browseMode.py:952,native source; existing generated-controller fixture; browser context requires native hook
browseQuick,laptop,kb:v,visitedLink:next,0x56,false,0x0,v,visitedLink,3,3,,none,true,true,true,nvda2026.2-browseMode.py:952,native source; existing generated-controller fixture; browser context requires native hook
browseQuick,desktop,kb:shift+v,visitedLink:previous,0x56,false,0x0,v,visitedLink,3,3,,none,true,true,true,nvda2026.2-browseMode.py:952,native source; existing generated-controller fixture; browser context requires native hook
browseQuick,laptop,kb:shift+v,visitedLink:previous,0x56,false,0x0,v,visitedLink,3,3,,none,true,true,true,nvda2026.2-browseMode.py:952,native source; existing generated-controller fixture; browser context requires native hook
browseQuick,desktop,kb:u,unvisitedLink:next,0x55,false,0x0,u,unvisitedLink,3,3,,none,true,true,true,nvda2026.2-browseMode.py:966,native source; existing generated-controller fixture; browser context requires native hook
browseQuick,laptop,kb:u,unvisitedLink:next,0x55,false,0x0,u,unvisitedLink,3,3,,none,true,true,true,nvda2026.2-browseMode.py:966,native source; existing generated-controller fixture; browser context requires native hook
browseQuick,desktop,kb:shift+u,unvisitedLink:previous,0x55,false,0x0,u,unvisitedLink,3,3,,none,true,true,true,nvda2026.2-browseMode.py:966,native source; existing generated-controller fixture; browser context requires native hook
browseQuick,laptop,kb:shift+u,unvisitedLink:previous,0x55,false,0x0,u,unvisitedLink,3,3,,none,true,true,true,nvda2026.2-browseMode.py:966,native source; existing generated-controller fixture; browser context requires native hook
browseQuick,desktop,kb:f,formField:next,0x46,false,0x0,f,formField,1,1,,none,true,true,true,nvda2026.2-browseMode.py:980,native source; existing generated-controller fixture; browser context requires native hook
browseQuick,laptop,kb:f,formField:next,0x46,false,0x0,f,formField,1,1,,none,true,true,true,nvda2026.2-browseMode.py:980,native source; existing generated-controller fixture; browser context requires native hook
browseQuick,desktop,kb:shift+f,formField:previous,0x46,false,0x0,f,formField,1,1,,none,true,true,true,nvda2026.2-browseMode.py:980,native source; existing generated-controller fixture; browser context requires native hook
browseQuick,laptop,kb:shift+f,formField:previous,0x46,false,0x0,f,formField,1,1,,none,true,true,true,nvda2026.2-browseMode.py:980,native source; existing generated-controller fixture; browser context requires native hook
browseQuick,desktop,kb:l,list:next,0x4c,false,0x0,l,list,3,3,,none,true,true,true,nvda2026.2-browseMode.py:994,native source; existing generated-controller fixture; browser context requires native hook
browseQuick,laptop,kb:l,list:next,0x4c,false,0x0,l,list,3,3,,none,true,true,true,nvda2026.2-browseMode.py:994,native source; existing generated-controller fixture; browser context requires native hook
browseQuick,desktop,kb:shift+l,list:previous,0x4c,false,0x0,l,list,3,3,,none,true,true,true,nvda2026.2-browseMode.py:994,native source; existing generated-controller fixture; browser context requires native hook
browseQuick,laptop,kb:shift+l,list:previous,0x4c,false,0x0,l,list,3,3,,none,true,true,true,nvda2026.2-browseMode.py:994,native source; existing generated-controller fixture; browser context requires native hook
browseQuick,desktop,kb:i,listItem:next,0x49,false,0x0,i,listItem,3,3,,none,true,true,true,nvda2026.2-browseMode.py:1009,native source; existing generated-controller fixture; browser context requires native hook
browseQuick,laptop,kb:i,listItem:next,0x49,false,0x0,i,listItem,3,3,,none,true,true,true,nvda2026.2-browseMode.py:1009,native source; existing generated-controller fixture; browser context requires native hook
browseQuick,desktop,kb:shift+i,listItem:previous,0x49,false,0x0,i,listItem,3,3,,none,true,true,true,nvda2026.2-browseMode.py:1009,native source; existing generated-controller fixture; browser context requires native hook
browseQuick,laptop,kb:shift+i,listItem:previous,0x49,false,0x0,i,listItem,3,3,,none,true,true,true,nvda2026.2-browseMode.py:1009,native source; existing generated-controller fixture; browser context requires native hook
browseQuick,desktop,kb:b,button:next,0x42,false,0x0,b,button,3,3,,none,true,true,true,nvda2026.2-browseMode.py:1023,native source; existing generated-controller fixture; browser context requires native hook
browseQuick,laptop,kb:b,button:next,0x42,false,0x0,b,button,3,3,,none,true,true,true,nvda2026.2-browseMode.py:1023,native source; existing generated-controller fixture; browser context requires native hook
browseQuick,desktop,kb:shift+b,button:previous,0x42,false,0x0,b,button,3,3,,none,true,true,true,nvda2026.2-browseMode.py:1023,native source; existing generated-controller fixture; browser context requires native hook
browseQuick,laptop,kb:shift+b,button:previous,0x42,false,0x0,b,button,3,3,,none,true,true,true,nvda2026.2-browseMode.py:1023,native source; existing generated-controller fixture; browser context requires native hook
browseQuick,desktop,kb:e,edit:next,0x45,false,0x0,e,entry,3,3,,none,true,true,true,nvda2026.2-browseMode.py:1037,native source; existing generated-controller fixture; browser context requires native hook
browseQuick,laptop,kb:e,edit:next,0x45,false,0x0,e,entry,3,3,,none,true,true,true,nvda2026.2-browseMode.py:1037,native source; existing generated-controller fixture; browser context requires native hook
browseQuick,desktop,kb:shift+e,edit:previous,0x45,false,0x0,e,entry,3,3,,none,true,true,true,nvda2026.2-browseMode.py:1037,native source; existing generated-controller fixture; browser context requires native hook
browseQuick,laptop,kb:shift+e,edit:previous,0x45,false,0x0,e,entry,3,3,,none,true,true,true,nvda2026.2-browseMode.py:1037,native source; existing generated-controller fixture; browser context requires native hook
browseQuick,desktop,kb:m,frame:next,0x4d,false,0x0,m,landmark,2,2,,none,true,true,true,nvda2026.2-browseMode.py:1052,native source; existing generated-controller fixture; browser context requires native hook
browseQuick,laptop,kb:m,frame:next,0x4d,false,0x0,m,landmark,2,2,,none,true,true,true,nvda2026.2-browseMode.py:1052,native source; existing generated-controller fixture; browser context requires native hook
browseQuick,desktop,kb:shift+m,frame:previous,0x4d,false,0x0,m,landmark,2,2,,none,true,true,true,nvda2026.2-browseMode.py:1052,native source; existing generated-controller fixture; browser context requires native hook
browseQuick,laptop,kb:shift+m,frame:previous,0x4d,false,0x0,m,landmark,2,2,,none,true,true,true,nvda2026.2-browseMode.py:1052,native source; existing generated-controller fixture; browser context requires native hook
browseQuick,desktop,kb:s,separator:next,0x53,false,0x0,s,separator,3,3,,none,true,true,true,nvda2026.2-browseMode.py:1067,native source; existing generated-controller fixture; browser context requires native hook
browseQuick,laptop,kb:s,separator:next,0x53,false,0x0,s,separator,3,3,,none,true,true,true,nvda2026.2-browseMode.py:1067,native source; existing generated-controller fixture; browser context requires native hook
browseQuick,desktop,kb:shift+s,separator:previous,0x53,false,0x0,s,separator,3,3,,none,true,true,true,nvda2026.2-browseMode.py:1067,native source; existing generated-controller fixture; browser context requires native hook
browseQuick,laptop,kb:shift+s,separator:previous,0x53,false,0x0,s,separator,3,3,,none,true,true,true,nvda2026.2-browseMode.py:1067,native source; existing generated-controller fixture; browser context requires native hook
browseQuick,desktop,kb:r,radioButton:next,0x52,false,0x0,r,radioButton,3,3,,none,true,true,true,nvda2026.2-browseMode.py:1081,native source; existing generated-controller fixture; browser context requires native hook
browseQuick,laptop,kb:r,radioButton:next,0x52,false,0x0,r,radioButton,3,3,,none,true,true,true,nvda2026.2-browseMode.py:1081,native source; existing generated-controller fixture; browser context requires native hook
browseQuick,desktop,kb:shift+r,radioButton:previous,0x52,false,0x0,r,radioButton,3,3,,none,true,true,true,nvda2026.2-browseMode.py:1081,native source; existing generated-controller fixture; browser context requires native hook
browseQuick,laptop,kb:shift+r,radioButton:previous,0x52,false,0x0,r,radioButton,3,3,,none,true,true,true,nvda2026.2-browseMode.py:1081,native source; existing generated-controller fixture; browser context requires native hook
browseQuick,desktop,kb:c,comboBox:next,0x43,false,0x0,c,comboBox,3,3,,none,true,true,true,nvda2026.2-browseMode.py:1095,native source; existing generated-controller fixture; browser context requires native hook
browseQuick,laptop,kb:c,comboBox:next,0x43,false,0x0,c,comboBox,3,3,,none,true,true,true,nvda2026.2-browseMode.py:1095,native source; existing generated-controller fixture; browser context requires native hook
browseQuick,desktop,kb:shift+c,comboBox:previous,0x43,false,0x0,c,comboBox,3,3,,none,true,true,true,nvda2026.2-browseMode.py:1095,native source; existing generated-controller fixture; browser context requires native hook
browseQuick,laptop,kb:shift+c,comboBox:previous,0x43,false,0x0,c,comboBox,3,3,,none,true,true,true,nvda2026.2-browseMode.py:1095,native source; existing generated-controller fixture; browser context requires native hook
browseQuick,desktop,kb:x,checkBox:next,0x58,false,0x0,x,checkBox,3,3,,none,true,true,true,nvda2026.2-browseMode.py:1109,native source; existing generated-controller fixture; browser context requires native hook
browseQuick,laptop,kb:x,checkBox:next,0x58,false,0x0,x,checkBox,3,3,,none,true,true,true,nvda2026.2-browseMode.py:1109,native source; existing generated-controller fixture; browser context requires native hook
browseQuick,desktop,kb:shift+x,checkBox:previous,0x58,false,0x0,x,checkBox,3,3,,none,true,true,true,nvda2026.2-browseMode.py:1109,native source; existing generated-controller fixture; browser context requires native hook
browseQuick,laptop,kb:shift+x,checkBox:previous,0x58,false,0x0,x,checkBox,3,3,,none,true,true,true,nvda2026.2-browseMode.py:1109,native source; existing generated-controller fixture; browser context requires native hook
browseQuick,desktop,kb:g,graphic:next,0x47,false,0x0,g,image,3,3,,none,true,true,true,nvda2026.2-browseMode.py:1123,native source; existing generated-controller fixture; browser context requires native hook
browseQuick,laptop,kb:g,graphic:next,0x47,false,0x0,g,image,3,3,,none,true,true,true,nvda2026.2-browseMode.py:1123,native source; existing generated-controller fixture; browser context requires native hook
browseQuick,desktop,kb:shift+g,graphic:previous,0x47,false,0x0,g,image,3,3,,none,true,true,true,nvda2026.2-browseMode.py:1123,native source; existing generated-controller fixture; browser context requires native hook
browseQuick,laptop,kb:shift+g,graphic:previous,0x47,false,0x0,g,image,3,3,,none,true,true,true,nvda2026.2-browseMode.py:1123,native source; existing generated-controller fixture; browser context requires native hook
browseQuick,desktop,kb:q,blockQuote:next,0x51,false,0x0,q,blockquote,3,3,,none,true,true,true,nvda2026.2-browseMode.py:1137,native source; existing generated-controller fixture; browser context requires native hook
browseQuick,laptop,kb:q,blockQuote:next,0x51,false,0x0,q,blockquote,3,3,,none,true,true,true,nvda2026.2-browseMode.py:1137,native source; existing generated-controller fixture; browser context requires native hook
browseQuick,desktop,kb:shift+q,blockQuote:previous,0x51,false,0x0,q,blockquote,3,3,,none,true,true,true,nvda2026.2-browseMode.py:1137,native source; existing generated-controller fixture; browser context requires native hook
browseQuick,laptop,kb:shift+q,blockQuote:previous,0x51,false,0x0,q,blockquote,3,3,,none,true,true,true,nvda2026.2-browseMode.py:1137,native source; existing generated-controller fixture; browser context requires native hook
browseQuick,desktop,kb:n,notLinkBlock:next,0x4e,false,0x0,n,none,2,2,,none,true,true,true,nvda2026.2-browseMode.py:1151,native source; existing generated-controller fixture; browser context requires native hook
browseQuick,laptop,kb:n,notLinkBlock:next,0x4e,false,0x0,n,none,2,2,,none,true,true,true,nvda2026.2-browseMode.py:1151,native source; existing generated-controller fixture; browser context requires native hook
browseQuick,desktop,kb:shift+n,notLinkBlock:previous,0x4e,false,0x0,n,none,2,2,,none,true,true,true,nvda2026.2-browseMode.py:1151,native source; existing generated-controller fixture; browser context requires native hook
browseQuick,laptop,kb:shift+n,notLinkBlock:previous,0x4e,false,0x0,n,none,2,2,,none,true,true,true,nvda2026.2-browseMode.py:1151,native source; existing generated-controller fixture; browser context requires native hook
browseQuick,desktop,kb:d,landmark:next,0x44,false,0x0,d,liveRegion,1,1,,none,true,true,true,nvda2026.2-browseMode.py:1166,native source; existing generated-controller fixture; browser context requires native hook
browseQuick,laptop,kb:d,landmark:next,0x44,false,0x0,d,liveRegion,1,1,,none,true,true,true,nvda2026.2-browseMode.py:1166,native source; existing generated-controller fixture; browser context requires native hook
browseQuick,desktop,kb:shift+d,landmark:previous,0x44,false,0x0,d,liveRegion,1,1,,none,true,true,true,nvda2026.2-browseMode.py:1166,native source; existing generated-controller fixture; browser context requires native hook
browseQuick,laptop,kb:shift+d,landmark:previous,0x44,false,0x0,d,liveRegion,1,1,,none,true,true,true,nvda2026.2-browseMode.py:1166,native source; existing generated-controller fixture; browser context requires native hook
browseQuick,desktop,kb:o,embeddedObject:next,0x4f,false,0x0,o,chunk,2,2,,none,true,true,true,nvda2026.2-browseMode.py:1181,native source; existing generated-controller fixture; browser context requires native hook
browseQuick,laptop,kb:o,embeddedObject:next,0x4f,false,0x0,o,chunk,2,2,,none,true,true,true,nvda2026.2-browseMode.py:1181,native source; existing generated-controller fixture; browser context requires native hook
browseQuick,desktop,kb:shift+o,embeddedObject:previous,0x4f,false,0x0,o,chunk,2,2,,none,true,true,true,nvda2026.2-browseMode.py:1181,native source; existing generated-controller fixture; browser context requires native hook
browseQuick,laptop,kb:shift+o,embeddedObject:previous,0x4f,false,0x0,o,chunk,2,2,,none,true,true,true,nvda2026.2-browseMode.py:1181,native source; existing generated-controller fixture; browser context requires native hook
browseQuick,desktop,kb:a,annotation:next,0x41,false,0x0,a,clickable,2,2,,none,true,true,true,nvda2026.2-browseMode.py:1195,native source; existing generated-controller fixture; browser context requires native hook
browseQuick,laptop,kb:a,annotation:next,0x41,false,0x0,a,clickable,2,2,,none,true,true,true,nvda2026.2-browseMode.py:1195,native source; existing generated-controller fixture; browser context requires native hook
browseQuick,desktop,kb:shift+a,annotation:previous,0x41,false,0x0,a,clickable,2,2,,none,true,true,true,nvda2026.2-browseMode.py:1195,native source; existing generated-controller fixture; browser context requires native hook
browseQuick,laptop,kb:shift+a,annotation:previous,0x41,false,0x0,a,clickable,2,2,,none,true,true,true,nvda2026.2-browseMode.py:1195,native source; existing generated-controller fixture; browser context requires native hook
browseQuick,desktop,kb:w,error:next,0x57,false,0x0,w,none,2,2,,none,true,true,true,nvda2026.2-browseMode.py:1209,native source; existing generated-controller fixture; browser context requires native hook
browseQuick,laptop,kb:w,error:next,0x57,false,0x0,w,none,2,2,,none,true,true,true,nvda2026.2-browseMode.py:1209,native source; existing generated-controller fixture; browser context requires native hook
browseQuick,desktop,kb:shift+w,error:previous,0x57,false,0x0,w,none,2,2,,none,true,true,true,nvda2026.2-browseMode.py:1209,native source; existing generated-controller fixture; browser context requires native hook
browseQuick,laptop,kb:shift+w,error:previous,0x57,false,0x0,w,none,2,2,,none,true,true,true,nvda2026.2-browseMode.py:1209,native source; existing generated-controller fixture; browser context requires native hook
browseQuick,desktop,kb:p,textParagraph:next,0x50,false,0x0,p,paragraph,3,3,,none,true,true,true,nvda2026.2-browseMode.py:1349,native source; existing generated-controller fixture; browser context requires native hook
browseQuick,laptop,kb:p,textParagraph:next,0x50,false,0x0,p,paragraph,3,3,,none,true,true,true,nvda2026.2-browseMode.py:1349,native source; existing generated-controller fixture; browser context requires native hook
browseQuick,desktop,kb:shift+p,textParagraph:previous,0x50,false,0x0,p,paragraph,3,3,,none,true,true,true,nvda2026.2-browseMode.py:1349,native source; existing generated-controller fixture; browser context requires native hook
browseQuick,laptop,kb:shift+p,textParagraph:previous,0x50,false,0x0,p,paragraph,3,3,,none,true,true,true,nvda2026.2-browseMode.py:1349,native source; existing generated-controller fixture; browser context requires native hook
browseQuick,desktop,kb:1,heading1:next,0x31,false,0x0,1,heading1,3,3,,none,true,true,true,nvda2026.2-browseMode.py:633,native source; existing generated-controller fixture; browser context requires native hook
browseQuick,laptop,kb:1,heading1:next,0x31,false,0x0,1,heading1,3,3,,none,true,true,true,nvda2026.2-browseMode.py:633,native source; existing generated-controller fixture; browser context requires native hook
browseQuick,desktop,kb:shift+1,heading1:previous,0x31,false,0x0,1,heading1,3,3,,none,true,true,true,nvda2026.2-browseMode.py:633,native source; existing generated-controller fixture; browser context requires native hook
browseQuick,laptop,kb:shift+1,heading1:previous,0x31,false,0x0,1,heading1,3,3,,none,true,true,true,nvda2026.2-browseMode.py:633,native source; existing generated-controller fixture; browser context requires native hook
browseQuick,desktop,kb:2,heading2:next,0x32,false,0x0,2,heading2,3,3,,none,true,true,true,nvda2026.2-browseMode.py:633,native source; existing generated-controller fixture; browser context requires native hook
browseQuick,laptop,kb:2,heading2:next,0x32,false,0x0,2,heading2,3,3,,none,true,true,true,nvda2026.2-browseMode.py:633,native source; existing generated-controller fixture; browser context requires native hook
browseQuick,desktop,kb:shift+2,heading2:previous,0x32,false,0x0,2,heading2,3,3,,none,true,true,true,nvda2026.2-browseMode.py:633,native source; existing generated-controller fixture; browser context requires native hook
browseQuick,laptop,kb:shift+2,heading2:previous,0x32,false,0x0,2,heading2,3,3,,none,true,true,true,nvda2026.2-browseMode.py:633,native source; existing generated-controller fixture; browser context requires native hook
browseQuick,desktop,kb:3,heading3:next,0x33,false,0x0,3,heading3,3,3,,none,true,true,true,nvda2026.2-browseMode.py:633,native source; existing generated-controller fixture; browser context requires native hook
browseQuick,laptop,kb:3,heading3:next,0x33,false,0x0,3,heading3,3,3,,none,true,true,true,nvda2026.2-browseMode.py:633,native source; existing generated-controller fixture; browser context requires native hook
browseQuick,desktop,kb:shift+3,heading3:previous,0x33,false,0x0,3,heading3,3,3,,none,true,true,true,nvda2026.2-browseMode.py:633,native source; existing generated-controller fixture; browser context requires native hook
browseQuick,laptop,kb:shift+3,heading3:previous,0x33,false,0x0,3,heading3,3,3,,none,true,true,true,nvda2026.2-browseMode.py:633,native source; existing generated-controller fixture; browser context requires native hook
browseQuick,desktop,kb:4,heading4:next,0x34,false,0x0,4,heading4,3,3,,none,true,true,true,nvda2026.2-browseMode.py:633,native source; existing generated-controller fixture; browser context requires native hook
browseQuick,laptop,kb:4,heading4:next,0x34,false,0x0,4,heading4,3,3,,none,true,true,true,nvda2026.2-browseMode.py:633,native source; existing generated-controller fixture; browser context requires native hook
browseQuick,desktop,kb:shift+4,heading4:previous,0x34,false,0x0,4,heading4,3,3,,none,true,true,true,nvda2026.2-browseMode.py:633,native source; existing generated-controller fixture; browser context requires native hook
browseQuick,laptop,kb:shift+4,heading4:previous,0x34,false,0x0,4,heading4,3,3,,none,true,true,true,nvda2026.2-browseMode.py:633,native source; existing generated-controller fixture; browser context requires native hook
browseQuick,desktop,kb:5,heading5:next,0x35,false,0x0,5,heading5,3,3,,none,true,true,true,nvda2026.2-browseMode.py:633,native source; existing generated-controller fixture; browser context requires native hook
browseQuick,laptop,kb:5,heading5:next,0x35,false,0x0,5,heading5,3,3,,none,true,true,true,nvda2026.2-browseMode.py:633,native source; existing generated-controller fixture; browser context requires native hook
browseQuick,desktop,kb:shift+5,heading5:previous,0x35,false,0x0,5,heading5,3,3,,none,true,true,true,nvda2026.2-browseMode.py:633,native source; existing generated-controller fixture; browser context requires native hook
browseQuick,laptop,kb:shift+5,heading5:previous,0x35,false,0x0,5,heading5,3,3,,none,true,true,true,nvda2026.2-browseMode.py:633,native source; existing generated-controller fixture; browser context requires native hook
browseQuick,desktop,kb:6,heading6:next,0x36,false,0x0,6,heading6,3,3,,none,true,true,true,nvda2026.2-browseMode.py:633,native source; existing generated-controller fixture; browser context requires native hook
browseQuick,laptop,kb:6,heading6:next,0x36,false,0x0,6,heading6,3,3,,none,true,true,true,nvda2026.2-browseMode.py:633,native source; existing generated-controller fixture; browser context requires native hook
browseQuick,desktop,kb:shift+6,heading6:previous,0x36,false,0x0,6,heading6,3,3,,none,true,true,true,nvda2026.2-browseMode.py:633,native source; existing generated-controller fixture; browser context requires native hook
browseQuick,laptop,kb:shift+6,heading6:previous,0x36,false,0x0,6,heading6,3,3,,none,true,true,true,nvda2026.2-browseMode.py:633,native source; existing generated-controller fixture; browser context requires native hook
browseQuick,desktop,kb:7,heading7:next,0x37,false,0x0,7,none,1,1,,none,true,true,true,nvda2026.2-browseMode.py:633,native source; existing generated-controller fixture; browser context requires native hook
browseQuick,laptop,kb:7,heading7:next,0x37,false,0x0,7,none,1,1,,none,true,true,true,nvda2026.2-browseMode.py:633,native source; existing generated-controller fixture; browser context requires native hook
browseQuick,desktop,kb:shift+7,heading7:previous,0x37,false,0x0,7,none,4,1,,none,true,true,true,nvda2026.2-browseMode.py:633,native source; existing generated-controller fixture; browser context requires native hook
browseQuick,laptop,kb:shift+7,heading7:previous,0x37,false,0x0,7,none,4,1,,none,true,true,true,nvda2026.2-browseMode.py:633,native source; existing generated-controller fixture; browser context requires native hook
browseQuick,desktop,kb:8,heading8:next,0x38,false,0x0,8,none,1,1,,none,true,true,true,nvda2026.2-browseMode.py:633,native source; existing generated-controller fixture; browser context requires native hook
browseQuick,laptop,kb:8,heading8:next,0x38,false,0x0,8,none,1,1,,none,true,true,true,nvda2026.2-browseMode.py:633,native source; existing generated-controller fixture; browser context requires native hook
browseQuick,desktop,kb:shift+8,heading8:previous,0x38,false,0x0,8,none,4,1,,none,true,true,true,nvda2026.2-browseMode.py:633,native source; existing generated-controller fixture; browser context requires native hook
browseQuick,laptop,kb:shift+8,heading8:previous,0x38,false,0x0,8,none,4,1,,none,true,true,true,nvda2026.2-browseMode.py:633,native source; existing generated-controller fixture; browser context requires native hook
browseQuick,desktop,kb:9,heading9:next,0x39,false,0x0,9,none,1,1,,none,true,true,true,nvda2026.2-browseMode.py:633,native source; existing generated-controller fixture; browser context requires native hook
browseQuick,laptop,kb:9,heading9:next,0x39,false,0x0,9,none,1,1,,none,true,true,true,nvda2026.2-browseMode.py:633,native source; existing generated-controller fixture; browser context requires native hook
browseQuick,desktop,kb:shift+9,heading9:previous,0x39,false,0x0,9,none,4,1,,none,true,true,true,nvda2026.2-browseMode.py:633,native source; existing generated-controller fixture; browser context requires native hook
browseQuick,laptop,kb:shift+9,heading9:previous,0x39,false,0x0,9,none,4,1,,none,true,true,true,nvda2026.2-browseMode.py:633,native source; existing generated-controller fixture; browser context requires native hook
